Workbook

Sheet eMPC_vs_iPSC
A1: Parameters: | C1: padj < | D1: 0.05
A3: Include in signature? | B3: include_apriori | C3: Stage-associated side of contrast (auto from NES sign) | D3: Biological category | E3: Redundancy | F3: pathway | G3: pathway_clean | H3: pval | I3: padj | J3: log2err | K3: ES | L3: NES | M3: size | N3: leadingEdge
F4: GOBP_2_OXOGLUTARATE_METABOLIC_PROCESS | G4: 2 Oxoglutarate Metabolic Process | H4: 0.70825688 | I4: 0.86742851 | J4: 0.057609111 | K4: -0.311302 | L4: -0.81137784 | M4: 15 | N4: GPT2, L2HGDH, GOT2, OGDHL, PHYH, GOT1
F5: GOBP_3_UTR_MEDIATED_MRNA_DESTABILIZATION | G5: 3 Utr Mediated Mrna Destabilization | H5: 0.81465517 | I5: 0.92256026 | J5: 0.058593757 | K5: 0.26216969 | L5: 0.73866533 | M5: 19 | N5: ZFP36L2, RBM24, ZC3H12C, KHNYN, KHSRP
F6: GOBP_3_UTR_MEDIATED_MRNA_STABILIZATION | G6: 3 Utr Mediated Mrna Stabilization | H6: 0.56424581 | I6: 0.79914433 | J6: 0.069283647 | K6: -0.32953146 | L6: -0.93641117 | M6: 20 | N6: RBM47, ADARB2, RBM38, YBX3
F7: GOBP_ACETYL_COA_BIOSYNTHETIC_PROCESS | G7: Acetyl Coa Biosynthetic Process | H7: 0.084388186 | I7: 0.36994874 | J7: 0.22496609 | K7: 0.48108066 | L7: 1.3814798 | M7: 21 | N7: PDK1, ACSS2
F8: GOBP_ACETYL_COA_METABOLIC_PROCESS | G8: Acetyl Coa Metabolic Process | H8: 0.14699332 | I8: 0.46519397 | J8: 0.17232434 | K8: 0.38815004 | L8: 1.2792048 | M8: 35 | N8: PDK1, AADAT, MVK, ACSS2, MVD, HMGCS1, HMGCR, FASN, ACLY
F9: GOBP_ACIDIC_AMINO_ACID_TRANSPORT | G9: Acidic Amino Acid Transport | H9: 0.047202797 | I9: 0.2872576 | J9: 0.2765006 | K9: -0.43259495 | L9: -1.4229503 | M9: 40 | N9: SLC1A1, STXBP1, SLC6A6, SLC1A3, PIANP, LRRC8D, SLC38A2, KCNK1, ATP1A2, ABAT, UCP2, GIPC1, LRRC8B, TTYH3, SLC1A5
F10: GOBP_ACROSOME_ASSEMBLY | G10: Acrosome Assembly | H10: 0.91926606 | I10: 0.97420963 | J10: 0.04558782 | K10: -0.25126378 | L10: -0.65489418 | M10: 15 | N10: CCDC136, AGFG1, PLA2G3, DCAF17
F11: GOBP_ACROSOME_REACTION | G11: Acrosome Reaction | H11: 0.14571949 | I11: 0.46298469 | J11: 0.15524197 | K11: -0.50498624 | L11: -1.3433074 | M11: 16 | N11: SYT6, CACNA1H, RAB3A, STXBP1, UNC13B
F12: GOBP_ACTIN_FILAMENT_BASED_MOVEMENT | G12: Actin Filament Based Movement | H12: 0.40554156 | I12: 0.70108497 | J12: 0.10434395 | K12: 0.2584769 | L12: 1.0225836 | M12: 87 | N12: DSP, GJA1, CAMK2D, MYO1B, TTN, ZEB2, PARVA, DLG1, EPDR1, MYH6, WIPF1, LIMCH1, ACTC1, EMP2
F13: GOBP_ACTIN_FILAMENT_BUNDLE_ORGANIZATION | G13: Actin Filament Bundle Organization | H13: 0.14192496 | I13: 0.45836226 | J13: 0.1482615 | K13: -0.29125456 | L13: -1.1751483 | M13: 139 | N13: EPHA1, DPYSL3, SFRP1, ADD2, FHDC1, PAWR, RHPN2, EZR, CGNL1, PDLIM1, FHOD1, RHOD, ARHGEF5, ARHGEF10L, PAK1, TPM1, PLS1, ESPN
F14: GOBP_ACTIN_FILAMENT_DEPOLYMERIZATION | G14: Actin Filament Depolymerization | H14: 0.35990888 | I14: 0.66940686 | J14: 0.10552094 | K14: 0.30063265 | L14: 1.0462219 | M14: 44 | N14: EPS8, CFL2, ADD1, F2RL1, RDX, LIMA1, SPECC1L, SPTBN2, TMOD3, PIK3CA, DMTN, TWF1, CAPZA1, PPP1R9B, TMOD2, TRIOBP
F15: GOBP_ACTIN_FILAMENT_ORGANIZATION | G15: Actin Filament Organization | H15: 0.040540541 | I15: 0.26694638 | J15: 0.2765006 | K15: -0.27432675 | L15: -1.2344991 | M15: 342 | N15: EPHA1, DPYSL3, SFRP1, ADD2, FHDC1, RND2, CDC42EP3, PAWR, RHPN2, COBL, CYFIP2, EZR, CGNL1, PDLIM1, CXCL12, VASP, MYO1C, FHOD1, MYO5B, RHOD, MYO5C, ARHGEF5, ARHGEF10L, MYO1E, BCAR1, PAK1, TMSB4X, TPM1, ADD3, SH3BP4, PLS1, GDPD2, WIPF3, SHROOM3, ESPN, PACSIN1, MAD2L2, SEMA5A, CORO2A, MYO5A, DIAPH2, ELMO3, CTTN, JMY, CDC42EP2, CORO1A, SPTBN1, CD2AP, RND1, PXN, PICK1, SHROOM2, PPP1R9A, SPTB, ARHGAP18, F11R, KANK1, RHPN1, RND3, RAPGEF3, MYO6, PPM1E, PLEKHH2, NEB, RAB40B, FCHSD1, SHROOM4, GIPC1, AIF1L, SPIRE1, LIMK1, ASAP3, IQGAP2, TWF2, SPTAN1, ABI2, RAC3, ARRB1, SHTN1, TMOD1, CX3CL1, PLEC, BBS4, TJP1, SPIRE2, CNN2, HAX1, SYNPO, SVIL, SDC4, KPTN, PFN1
... F45: GOBP_ALCOHOL_BIOSYNTHETIC_PROCESS | G45: Alcohol Biosynthetic Process | H45: 0.010877798 | I45: 0.12598187 | J45: 0.3807304 | K45: 0.36191575 | L45: 1.4868648 | M45: 99 | N45: CYP51A1, ABCG1, QDPR, DAB2, GNAI1, MVK, IDI1, HSD17B7, BMP2, H6PD, MVD, NSDHL, HMGCS1, LSS, MBTPS2, HMGCR, INSIG1, DHCR24, EBP, PRKACA, IMPA1, DHCR7, ACLY, PARK7, CYP27A1, SQLE, MSMO1, FDPS, PTH1R
A46: yes_final | B46: =VLOOKUP(G46,decisions1!A:B,2,FALSE) -> yes_apriori | C46: =IF(L46>0,"eMPC-side","iPSC-side") -> eMPC-side | D46: embryonic patterning and morphogenesis | E46: =VLOOKUP(F46,collapsed1!A:J,10,FALSE) -> main | F46: GOBP_ANTERIOR_POSTERIOR_PATTERN_SPECIFICATION | G46: Anterior Posterior Pattern Specification | H46: 3.9301429e-09 | I46: 2.2373374e-06 | J46: 0.7614608 | K46: 0.52976756 | L46: 2.2520977 | M46: 130 | N46: AXIN2, NKD1, PLXNA2, DLL3, HES6, WLS, MLLT3, PCSK5, FOXH1, WNT5A, HOXC4, MSX1, LFNG, HOXA5, LEF1, HOXB6, HOXB5, BHLHE40, BMP2, TBX3, ZEB2, GPC3, HOXB4, HIPK2, HOXA3, POFUT1, GBX2, NOTCH1, TSHZ1, HOXA9, HOXB8, HOXB7, HOXB3, HOXB9, HOXB2, ALDH1A2, FOXC1, DKK1, HOXC6, TGFBR1, GLI3, BMP4, POGLUT1
A47: no_redundant_auto | B47: =VLOOKUP(G47,decisions1!A:B,2,FALSE) -> no_redundant | C47: =IF(L47>0,"eMPC-side","iPSC-side") -> eMPC-side | D47: cardiovascular and endocardial development | E47: =VLOOKUP(F47,collapsed1!A:J,10,FALSE) -> redundant | F47: GOBP_HEART_VALVE_MORPHOGENESIS | G47: Heart Valve Morphogenesis | H47: 2.4556796e-06 | I47: 0.00047177939 | J47: 0.62725674 | K47: 0.61981661 | L47: 2.2112741 | M47: 50 | N47: AXIN2, ROBO1, SNAI1, ROCK2, CDH11, EFNA1, BMP2, STRA6, ADAMTS19, NOTCH1, DCHS1, ADAMTS9, BMP4, SNAI2, EMILIN1, BMPR2
F48: GOBP_ALDEHYDE_METABOLIC_PROCESS | G48: Aldehyde Metabolic Process | H48: 0.48691099 | I48: 0.75266235 | J48: 0.073438141 | K48: -0.28981672 | L48: -0.99166711 | M48: 48 | N48: TKT, CACNA1H, PDXK, HAGH, ALDH1B1, AKR1A1, TALDO1, MGAT4A, ALDH3A2, EDNRB, DKK3, AKR1C3
F49: GOBP_ALPHA_AMINO_ACID_BIOSYNTHETIC_PROCESS | G49: Alpha Amino Acid Biosynthetic Process | H49: 0.10479574 | I49: 0.41486409 | J49: 0.18302394 | K49: -0.39213612 | L49: -1.3083725 | M49: 44 | N49: SEPHS1, PSAT1, GLS2, ASNS, MTHFD1, CTH, PSPH, SEPHS2, PYCR2, GOT2, PHGDH, ALDH18A1, PYCR1, ENOPH1, CAD, CBS, MTHFD2L, GOT1, MTAP, MRI1
F50: GOBP_ALPHA_AMINO_ACID_METABOLIC_PROCESS | G50: Alpha Amino Acid Metabolic Process | H50: 0.04091653 | I50: 0.26724491 | J50: 0.28785712 | K50: -0.33235902 | L50: -1.3344065 | M50: 130 | N50: AASS, SEPHS1, ATCAY, NAT8L, GLDC, GPT2, PIPOX, PSAT1, GLS2, IDO1, CRYM, ASNS, RIMKLA, ACAD8, MTHFD1, NMNAT2, AUH, NOS2, CTH, PSPH, SEPHS2, PYCR2, AFMID, GOT2, GCDH, UCP2, IVD, HIBCH, PHGDH, GCLC, ALDH18A1, CARNMT1, ACADSB, BCAT2, AZIN1, PYCR1, ENOPH1
F51: GOBP_ALPHA_BETA_T_CELL_ACTIVATION | G51: Alpha Beta T Cell Activation | H51: 0.83442623 | I51: 0.92979736 | J51: 0.044864511 | K51: -0.20931929 | L51: -0.83074276 | M51: 118 | N51: LCK, ZBTB7B, MAPK8IP1, MYC, SOCS1, STAT3, SEMA4A, DOCK2, ABCC1, JAK1, PRKCZ, TOX, CD83, CD55, FOXP1, CEBPB, JAK3, ICOSLG, SPN, SOCS3, ADA, RELB, CBLB, OPA1, ZC3H12A, ITPKB, MEN1, STAT5A, IRF1, ELF4, RIPK2
F52: GOBP_ALPHA_BETA_T_CELL_DIFFERENTIATION | G52: Alpha Beta T Cell Differentiation | H52: 0.89826303 | I52: 0.96377367 | J52: 0.060640401 | K52: 0.20132506 | L52: 0.8080528 | M52: 93 | N52: TMEM98, LEF1, PIK3R1, CBFB, IL6ST, RORA, CTSL, GLI3, AP3B1, ENTPD7, MALT1, ATF2, RC3H2, ANXA1
F53: GOBP_ALPHA_BETA_T_CELL_PROLIFERATION | G53: Alpha Beta T Cell Proliferation | H53: 0.27746741 | I53: 0.61011781 | J53: 0.10925004 | K53: -0.40881735 | L53: -1.1617134 | M53: 20 | N53: ZBTB7B, MAPK8IP1, MYC, DOCK2, CD55, CBLB, IRF1, ELF4, RIPK2
F54: GOBP_ALTERNATIVE_MRNA_SPLICING_VIA_SPLICEOSOME | G54: Alternative Mrna Splicing Via Spliceosome | H54: 0.22222222 | I54: 0.54935602 | J54: 0.11724972 | K54: -0.31330964 | L54: -1.1497282 | M54: 71 | N54: ESRP2, RBPMS, RBM47, RBFOX3, CELF5, RBPMS2, KHDRBS3, NOVA2
F55: GOBP_AMEBOIDAL_TYPE_CELL_MIGRATION | G55: Ameboidal Type Cell Migration | H55: 0.078733755 | I55: 0.35673538 | J55: 0.28780513 | K55: 0.28108239 | L55: 1.2465589 | M55: 184 | N55: FBN2, CDH2, MMP2, GJA1, MCC, NRP1, WNT5A, ENPP2, SEMA4D, AKT1, GLIPR2, HAS2, PTPRG, AKAP12, ZEB2, GPC3, ARSB, GBX2, PPARD, APPL2, FN1, DAAM2, RIC8A, CD63, TGFBR1, SEMA7A, BMP4, MAP4K4, KANK2, CLASP2, ARID5B, ITGB1BP1, BMPR2, PHACTR4, SASH1
F56: GOBP_AMIDE_BIOSYNTHETIC_PROCESS | G56: Amide Biosynthetic Process | H56: 0.44102564 | I56: 0.72454212 | J56: 0.10027911 | K56: 0.23800343 | L56: 1.0046945 | M56: 124 | N56: PDK1, NANP, MGST2, HACD1, ST6GALNAC3, ACSS2, ELOVL1, ST8SIA2, SMPD1, ASS1, DEGS1, ST3GAL3, FASN, PPT1, ACLY, FH, ELOVL6, PRKCD, ORMDL1
F57: GOBP_AMIDE_METABOLIC_PROCESS | G57: Amide Metabolic Process | H57: 0.013771891 | I57: 0.14461174 | J57: 0.3807304 | K57: 0.28001945 | L57: 1.3105473 | M57: 318 | N57: PDK1, EPHA4, PCSK5, ROCK2, ABCG1, NANP, AADAT, MGST2, HACD1, LRP4, MVK, GSTO1, ST6GALNAC3, NAGK, BACE1, CLN6, EFNA1, HLCS, ACSF2, ACSS2, MVD, MME, ELOVL1, HMGCS1, PCSK7, ST8SIA2, GPAM, SMPD1, GALC, HSD17B4, HMGCR, PRCP, CTSL, CTSZ, ASS1, CTNS, DEGS1, ST3GAL3, SHMT1, LDLR, TMED10, FASN, DISP1, FAR1, CERK, PPT1, ACLY, NSMAF, GSTA4, ACOT1, NCSTN, FH, PRNP, ELOVL6, P4HB, SCARB2, IDE, PRKCD, NUDT19, ORMDL1, TM9SF2
F58: GOBP_AMIDE_TRANSPORT | G58: Amide Transport | H58: 0.10114192 | I58: 0.405704 | J58: 0.17821987 | K58: -0.28937659 | L58: -1.2027591 | M58: 177 | N58: TCF7L2, VSNL1, PDPN, BRSK2, GNAO1, FOXO1, TUNAR, CAMK2G, ADCY5, RAB3A, RIMS2, PIM3, ACVR2B, GNAZ, SLC8B1, SOX4, GAL, TM7SF3, IRS2, CPT1A, SLC38A5, MCU, ABCC1, NOS2, SLC13A3, PICK1, ABAT, SLC16A10, UCP2, RAPGEF3, STX4, BAIAP3, SLC25A39, TRPM4, PFKM, VGF, PTPRN, RAB11FIP5, ABCA2, NMU, MGST1, PCLO, SYT7, SLC27A1
F59: GOBP_AMINE_BIOSYNTHETIC_PROCESS | G59: Amine Biosynthetic Process | H59: 0.76970954 | I59: 0.89813196 | J59: 0.059476029 | K59: 0.2682663 | L59: 0.807586 | M59: 24 | N59: ODC1
... F83: GOBP_ANGIOGENESIS_INVOLVED_IN_WOUND_HEALING | G83: Angiogenesis Involved In Wound Healing | H83: 0.4371134 | I83: 0.72193492 | J83: 0.088094501 | K83: 0.34410942 | L83: 1.00665 | M83: 22 | N83: ADIPOR2, TNFAIP3, NPR2, SLC12A2, PRCP, B4GALT1, GATA2, KDR
A84: yes_final | B84: no_redundant | C84: =IF(L84>0,"eMPC-side","iPSC-side") -> eMPC-side | D84: cardiovascular and endocardial development | E84: =VLOOKUP(F84,collapsed1!A:J,10,FALSE) -> main | F84: GOBP_SEMI_LUNAR_VALVE_DEVELOPMENT | G84: Semi Lunar Valve Development | H84: 1.0506048e-05 | I84: 0.001429698 | J84: 0.59332548 | K84: 0.65687785 | L84: 2.1924666 | M84: 38 | N84: AXIN2, ROBO1, SNAI1, ROCK2, CDH11, EFNA1, BMP2, STRA6, ADAMTS19, NOTCH1, BMP4, SNAI2, EMILIN1, BMPR2
F85: GOBP_ANIMAL_ORGAN_MATURATION | G85: Animal Organ Maturation | H85: 0.099137931 | I85: 0.40054608 | J85: 0.20895503 | K85: 0.49484929 | L85: 1.3942421 | M85: 19 | N85: SEMA4D, BMP2, DCHS1, ALDH1A2, MBTPS2, EBP
F86: GOBP_ANIMAL_ORGAN_REGENERATION | G86: Animal Organ Regeneration | H86: 0.2887931 | I86: 0.61768322 | J86: 0.11623415 | K86: 0.34523744 | L86: 1.118476 | M86: 32 | N86: LPIN1, EZH2, PTCH1, NOTCH1, CCND1
F87: GOBP_ANOIKIS | G87: Anoikis | H87: 0.72978723 | I87: 0.87467343 | J87: 0.063219117 | K87: 0.26880353 | L87: 0.84307701 | M87: 28 | N87: PIK3R3, ITGA5, AKT1, NOTCH1, SNAI2, BRMS1, PIK3CA, MAP3K7, SRC
F88: GOBP_ANTERIOR_POSTERIOR_AXIS_SPECIFICATION | G88: Anterior Posterior Axis Specification | H88: 0.33688699 | I88: 0.64674082 | J88: 0.10552094 | K88: 0.33315002 | L88: 1.0721795 | M88: 31 | N88: WLS, WNT5A, TBX3, GPC3
A89: no_redundant_auto | B89: =VLOOKUP(G89,decisions1!A:B,2,FALSE) -> no_redundant | C89: =IF(L89>0,"eMPC-side","iPSC-side") -> eMPC-side | D89: cardiovascular and endocardial development | E89: =VLOOKUP(F89,collapsed1!A:J,10,FALSE) -> redundant | F89: GOBP_AORTIC_VALVE_MORPHOGENESIS | G89: Aortic Valve Morphogenesis | H89: 1.9423601e-05 | I89: 0.0019824213 | J89: 0.57561026 | K89: 0.68019267 | L89: 2.1890698 | M89: 31 | N89: AXIN2, ROBO1, SNAI1, ROCK2, CDH11, EFNA1, ADAMTS19, NOTCH1, BMP4, SNAI2, EMILIN1
F90: GOBP_ANTEROGRADE_AXONAL_TRANSPORT | G90: Anterograde Axonal Transport | H90: 0.15140845 | I90: 0.47129507 | J90: 0.14920754 | K90: -0.38388805 | L90: -1.2595237 | M90: 39 | N90: KIF1A, KIF21A, KIF5A, KIF1C, NETO1, TRIM46, MAP2, HAP1, HSPB1, FEZ1
F91: GOBP_ANTIGEN_PROCESSING_AND_PRESENTATION | G91: Antigen Processing And Presentation | H91: 0.30626058 | I91: 0.62908619 | J91: 0.097215081 | K91: -0.30980067 | L91: -1.0962446 | M91: 55 | N91: RAB3C, THBS1, UNC93B1, HLA-B, ABCC1, HLA-C, CTSH, RAB3B, PSME1, HLA-DPB1, MFSD6, RFTN1
F92: GOBP_ANTIGEN_PROCESSING_AND_PRESENTATION_OF_EXOGENOUS_ANTIGEN | G92: Antigen Processing And Presentation Of Exogenous Antigen | H92: 0.30113636 | I92: 0.6258135 | J92: 0.10512513 | K92: -0.39354378 | L92: -1.1312747 | M92: 21 | N92: UNC93B1, HLA-B, HLA-C, PSME1, HLA-DPB1, MFSD6
F93: GOBP_ANTIGEN_PROCESSING_AND_PRESENTATION_OF_EXOGENOUS_PEPTIDE_ANTIGEN | G93: Antigen Processing And Presentation Of Exogenous Peptide Antigen | H93: 0.05380334 | I93: 0.30603448 | J93: 0.26635066 | K93: -0.53929862 | L93: -1.4582853 | M93: 17 | N93: UNC93B1, HLA-B, HLA-C, HLA-DPB1, MFSD6
F94: GOBP_ANTIGEN_PROCESSING_AND_PRESENTATION_OF_PEPTIDE_ANTIGEN | G94: Antigen Processing And Presentation Of Peptide Antigen | H94: 0.57518797 | I94: 0.80625061 | J94: 0.06879431 | K94: -0.30503097 | L94: -0.9268617 | M94: 28 | N94: UNC93B1, HLA-B, HLA-C, HLA-DPB1, MFSD6
F95: GOBP_ANTIGEN_PROCESSING_AND_PRESENTATION_OF_PEPTIDE_ANTIGEN_VIA_MHC_CLASS_I | G95: Antigen Processing And Presentation Of Peptide Antigen Via Mhc Class I | H95: 0.72170686 | I95: 0.87069337 | J95: 0.057246114 | K95: -0.29910427 | L95: -0.80879005 | M95: 17 | N95: HLA-B, HLA-C, MFSD6, ERAP1, ACE
F96: GOBP_ANTIGEN_RECEPTOR_MEDIATED_SIGNALING_PATHWAY | G96: Antigen Receptor Mediated Signaling Pathway | H96: 0.0033974663 | I96: 0.062689971 | J96: 0.4317077 | K96: -0.39752671 | L96: -1.5779069 | M96: 120 | N96: LCK, FCHO1, PAWR, EZR, THY1, SH2B2, PIK3CD, PRKCB, BCAR1, PLCL2, CBL, PTPN6, STK11, CD2AP, BAX, SLC39A10, FOXP1, HLA-DPB1, THEMIS2, RFTN1, CEACAM1, TEC, BTN3A2, ICOSLG, NFATC2, CARD11, ADA, BTN3A1, INPP5D, DGKZ, PTPRJ, PRKD2, PLEKHA1, DENND1B, CBLB, PRKCH, ZC3H12A, VAV3, CD79B, RIPK2, LIPA
F97: GOBP_ANTIMICROBIAL_HUMORAL_IMMUNE_RESPONSE_MEDIATED_BY_ANTIMICROBIAL_PEPTIDE | G97: Antimicrobial Humoral Immune Response Mediated By Antimicrobial Peptide | H97: 0.15151515 | I97: 0.47129507 | J97: 0.15524197 | K97: -0.44368889 | L97: -1.275421 | M97: 21 | N97: CXCL12, ADM, CXCL3, CXCL5, CXCL1, CX3CL1, APP, RPS19, RPL39, FAM3A, GAPDH
F98: GOBP_ANTIMICROBIAL_HUMORAL_RESPONSE | G98: Antimicrobial Humoral Response | H98: 0.18406072 | I98: 0.50919162 | J98: 0.13959967 | K98: -0.4163478 | L98: -1.249075 | M98: 27 | N98: CXCL12, ADM, RARRES2, WFDC2, CXCL3, CXCL5, CXCL1, CX3CL1, APP, RPS19, RPL39, FAM3A, GAPDH, BCL3
F99: GOBP_ANTIVIRAL_INNATE_IMMUNE_RESPONSE | G99: Antiviral Innate Immune Response | H99: 0.15224913 | I99: 0.47166772 | J99: 0.14733121 | K99: -0.35406394 | L99: -1.2296493 | M99: 51 | N99: USP44, AKAP1, EIF2AK2, USP18, TRIM65, DUS2, USP7, TRIM25, MX1, ZDHHC11, IFIT1, OTUD4, TRIM21, UBL7, IFIH1, RNF135, PHB2, RPSA, OAS3, NMB, IFIT3, NLRP1
F100: GOBP_AORTA_DEVELOPMENT | G100: Aorta Development | H100: 0.061320755 | I100: 0.32155835 | J100: 0.28201335 | K100: 0.39007282 | L100: 1.3957676 | M100: 51 | N100: ROBO1, FOXH1, EFEMP2, APLNR, NOTCH1, SUFU, PKD2, DCTN5, ADAMTS9, MYLK
F101: GOBP_AORTA_MORPHOGENESIS | G101: Aorta Morphogenesis | H101: 0.16041667 | I101: 0.48376808 | J101: 0.15851411 | K101: 0.40047804 | L101: 1.2418889 | M101: 26 | N101: FOXH1, EFEMP2, NOTCH1, ADAMTS9, MYLK
A102: yes_final | B102: =VLOOKUP(G102,decisions1!A:B,2,FALSE) -> no_biology | C102: =IF(L102>0,"eMPC-side","iPSC-side") -> eMPC-side | D102: lipid and sterol metabolism | E102: =VLOOKUP(F102,collapsed1!A:J,10,FALSE) -> main | F102: GOBP_CHOLESTEROL_BIOSYNTHETIC_PROCESS_VIA_DESMOSTEROL | G102: Cholesterol Biosynthetic Process Via Desmosterol | H102: 6.2698866e-06 | I102: 0.0010238725 | J102: 0.61052688 | K102: 0.77432032 | L102: 2.1816541 | M102: 19 | N102: MVK, IDI1, HSD17B7, MVD, NSDHL, HMGCS1, LSS, HMGCR, DHCR24, EBP, DHCR7, SQLE, MSMO1, FDPS, SC5D
F103: GOBP_APICAL_JUNCTION_ASSEMBLY | G103: Apical Junction Assembly | H103: 0.20942408 | I103: 0.53835563 | J103: 0.12384217 | K103: -0.34305361 | L103: -1.181674 | M103: 49 | N103: CLDN6, FZD5, GRHL2, OCLN, MYO1C, MPP7, MARVELD3, OCEL1, VCL, F11R, CLDN19, RAMP2, CTNNA1, ABI2, TJP1, RAB13, PRKCH
F104: GOBP_APOPTOTIC_CELL_CLEARANCE | G104: Apoptotic Cell Clearance | H104: 0.018138558 | I104: 0.16593986 | J104: 0.35248786 | K104: -0.54816322 | L104: -1.6656391 | M104: 28 | N104: TYRO3, AXL, THBS1, MFGE8, MEGF10, XKR6, GAS6, C3, ADGRB1, ABCA7
F105: GOBP_APOPTOTIC_MITOCHONDRIAL_CHANGES | G105: Apoptotic Mitochondrial Changes | H105: 0.019235252 | I105: 0.17242185 | J105: 0.35248786 | K105: -0.38856713 | L105: -1.4605698 | M105: 83 | N105: PIM2, LMNA, PMAIP1, BMF, HK2, SLC25A4, FAM162A, TP53, BCL2L1, TMEM102, BBC3, RHOT1, CLU, HSPD1, GGCT, BAX, NAIF1, SLC25A5, GCLC, JTB, BID
F106: GOBP_APOPTOTIC_PROCESS_INVOLVED_IN_DEVELOPMENT | G106: Apoptotic Process Involved In Development | H106: 0.81730769 | I106: 0.92300378 | J106: 0.053129805 | K106: -0.25553681 | L106: -0.7533141 | M106: 24 | N106: FZD5, MEGF10, XKR6, BAX, JAG2
F107: GOBP_APOPTOTIC_PROCESS_INVOLVED_IN_MORPHOGENESIS | G107: Apoptotic Process Involved In Morphogenesis | H107: 0.47240618 | I107: 0.74235709 | J107: 0.087569712 | K107: 0.36074879 | L107: 0.98121423 | M107: 16 | N107: LEF1, NOTCH1, FOXC1, BMP4
F108: GOBP_APOPTOTIC_SIGNALING_PATHWAY | G108: Apoptotic Signaling Pathway | H108: 0.10549133 | I108: 0.41623222 | J108: 0.16318013 | K108: -0.24874116 | L108: -1.1472527 | M108: 437 | N108: SFRP2, SFRP1, PHLDA3, PTGIS, LCK, TCF7L2, LMNA, ERBB3, PAWR, RRM2B, BRSK2, MSH2, PMAIP1, UNC5B, TERT, FGF2, ITGA6, BMF, CXCL12, TRAP1, PIK3CB, FAM162A, TP53, MAPK8IP1, TNFRSF12A, MYC, ATP2A3, BCL2L1, RNF41, AEN, DDIT4, STAT3, DEDD2, TMEM102, TNFRSF10B, BBC3, CHAC1, DAPK1, MAP2K1, ERCC2, THBS1, RHOT1, MKNK2, NACC2, EDA2R, IVNS1ABP, CLU, RPS27L, CTTN, JMY, STK11, SORT1, SLFN12, CTH, RB1CC1, TNFRSF10A, TPD52L1, YBX3, GGCT, CTSH, FADD, BAX, CSNK2A1, TNFRSF25, CHEK2, USP28, FGFR1, TRAF2, CEBPB, ATF3, SLC25A5, CDKN1A, STX4, SPN, GCLC, NGFR, DIDO1, HSPB1, TRIB3, BID, MYBBP1A, KRT18, CTNNA1, HMOX1, TICAM1, KDM1A, CX3CL1, HSPE1, GPX1, PYCR1, MSH6
F109: GOBP_APPENDAGE_DEVELOPMENT | G109: Appendage Development | H109: 0.011327298 | I109: 0.12935299 | J109: 0.3807304 | K109: 0.35219389 | L109: 1.4946771 | M109: 129 | N109: PLXNA2, FBN2, PCSK5, SALL1, WNT5A, LRP4, MSX1, LEF1, PTCH1, CRABP2, TBX3, GPC3, KREMEN1, SALL4, NOTCH1, FBXW4, HOXA9, B3GLCT, ZNRF3, TMEM231, ALDH1A2, NPR2, DKK1, IQCE, GLI3, BMP4
F110: GOBP_APPENDAGE_MORPHOGENESIS | G110: Appendage Morphogenesis | H110: 0.0032952716 | I110: 0.061149756 | J110: 0.4317077 | K110: 0.39510885 | L110: 1.6216381 | M110: 100 | N110: PLXNA2, FBN2, PCSK5, SALL1, WNT5A, LRP4, MSX1, LEF1, PTCH1, CRABP2, TBX3, GPC3, SALL4, NOTCH1, FBXW4, HOXA9, TMEM231, ALDH1A2, NPR2, DKK1, IQCE, GLI3, BMP4
F111: GOBP_ARACHIDONATE_METABOLIC_PROCESS | G111: Arachidonate Metabolic Process | H111: 0.11992263 | I111: 0.43810661 | J111: 0.17821987 | K111: -0.45898993 | L111: -1.3190456 | M111: 22 | N111: CYP2S1, PTGIS, PTGES2
F112: GOBP_ARF_PROTEIN_SIGNAL_TRANSDUCTION | G112: Arf Protein Signal Transduction | H112: 0.62825279 | I112: 0.8319432 | J112: 0.063927193 | K112: -0.31833186 | L112: -0.89400284 | M112: 19 | N112: IQSEC2, ARFGEF3
A113: no_redundant_auto | B113: =VLOOKUP(G113,decisions1!A:B,2,FALSE) -> no_redundant | C113: =IF(L113>0,"eMPC-side","iPSC-side") -> eMPC-side | D113: cardiovascular and endocardial development | E113: =VLOOKUP(F113,collapsed1!A:J,10,FALSE) -> redundant | F113: GOBP_ENDOCARDIAL_CUSHION_FORMATION | G113: Endocardial Cushion Formation | H113: 6.6608139e-05 | I113: 0.0050123401 | J113: 0.5384341 | K113: 0.72647568 | L113: 2.1252158 | M113: 22 | N113: ROBO1, SNAI1, MSX1, APLNR, BMP2, TBX3, NOTCH1, DCHS1, TGFBR1, BMP4, SNAI2, MSX2
F114: GOBP_AROMATIC_AMINO_ACID_METABOLIC_PROCESS | G114: Aromatic Amino Acid Metabolic Process | H114: 0.63432836 | I114: 0.83436022 | J114: 0.063642408 | K114: -0.32550623 | L114: -0.89512322 | M114: 18 | N114: IDO1, NMNAT2, AFMID, GCDH, CARNMT1, HPDL, THAP4
F115: GOBP_ARP2_3_COMPLEX_MEDIATED_ACTIN_NUCLEATION | G115: Arp2 3 Complex Mediated Actin Nucleation | H115: 0.92537313 | I115: 0.97774085 | J115: 0.052163031 | K115: 0.21593148 | L115: 0.6949341 | M115: 31 | N115: ARPC2, ARPC1A, ACTR3, ARF1, WASH3P, ARPC4, GMFB, ARPC3, ACTR2, BRK1, FCHSD2, ARPC5, WASF1
A116: no_redundant_auto | B116: =VLOOKUP(G116,decisions1!A:B,2,FALSE) -> no_redundant | C116: =IF(L116>0,"eMPC-side","iPSC-side") -> eMPC-side | D116: cardiovascular and endocardial development | E116: =VLOOKUP(F116,collapsed1!A:J,10,FALSE) -> redundant | F116: GOBP_ENDOCARDIAL_CUSHION_MORPHOGENESIS | G116: Endocardial Cushion Morphogenesis | H116: 7.2474161e-05 | I116: 0.0051456655 | J116: 0.5384341 | K116: 0.66367877 | L116: 2.1162785 | M116: 30 | N116: ROBO1, SNAI1, MSX1, APLNR, BMP2, TBX3, NOTCH1, DCHS1, TGFBR1, BMP4, SNAI2, MSX2
A117: no_redundant_auto | B117: =VLOOKUP(G117,decisions1!A:B,2,FALSE) -> no_redundant | C117: =IF(L117>0,"eMPC-side","iPSC-side") -> eMPC-side | D117: cardiovascular and endocardial development | E117: =VLOOKUP(F117,collapsed1!A:J,10,FALSE) -> redundant | F117: GOBP_HEART_FORMATION | G117: Heart Formation | H117: 3.3964683e-05 | I117: 0.0031693901 | J117: 0.55733224 | K117: 0.73302776 | L117: 2.0856326 | M117: 20 | N117: AXIN2, ROBO1, FOXH1, WNT5A, BMP2, NOTCH1, EMP2, DKK1, BMP4
F118: GOBP_ASPARTATE_FAMILY_AMINO_ACID_BIOSYNTHETIC_PROCESS | G118: Aspartate Family Amino Acid Biosynthetic Process | H118: 0.3715847 | I118: 0.67536889 | J118: 0.090263548 | K118: -0.40503819 | L118: -1.0774369 | M118: 16 | N118: ASNS, MTHFD1, GOT2, ENOPH1, MTHFD2L, GOT1, MTAP, MRI1
F119: GOBP_ASSOCIATIVE_LEARNING | G119: Associative Learning | H119: 0.33049404 | I119: 0.64143408 | J119: 0.093145458 | K119: -0.30452931 | L119: -1.080288 | M119: 58 | N119: SHANK2, KIT, SLC1A1, GABRA5, PIANP, KRAS, ATP1A2, NDRG4, DEAF1, NETO1
F120: GOBP_ASTROCYTE_DEVELOPMENT | G120: Astrocyte Development | H120: 0.094623656 | I120: 0.39218383 | J120: 0.21392786 | K120: 0.48901678 | L120: 1.3913652 | M120: 20 | N120: VIM, ZEB2, CDK6
F121: GOBP_ASTROCYTE_DIFFERENTIATION | G121: Astrocyte Differentiation | H121: 0.018962014 | I121: 0.17107718 | J121: 0.35248786 | K121: 0.44597931 | L121: 1.5818293 | M121: 47 | N121: VIM, EPHA4, BMP2, ZEB2, CDK6, IL6ST, NOTCH1, ID2, LDLR, HMGA2, EIF2B5
F122: GOBP_ATP_BIOSYNTHETIC_PROCESS | G122: Atp Biosynthetic Process | H122: 0.27580372 | I122: 0.60975116 | J122: 0.10357633 | K122: -0.31216278 | L122: -1.1123893 | M122: 60 | N122: TMSB4X, STAT3, MAP2K1, SDHA, SDHB, SPHK2, NDUFS8, PRKAG2, PPARA, NDUFS2, PARP1, NDUFV3, NDUFB9, LIPA, NDUFB4, NDUFB7, BCL2L13, SDHD, FAM3A, ENO1, NDUFA5, NDUFS7, NDUFB5, PINK1
F123: GOBP_ATP_METABOLIC_PROCESS | G123: Atp Metabolic Process | H123: 0.11290323 | I123: 0.42656345 | J123: 0.16693385 | K123: -0.29829473 | L123: -1.2191944 | M123: 152 | N123: PFKP, AK4, UCHL1, HK2, ENO2, INSR, TMSB4X, DDIT4, STAT3, DHTKD1, PRKAA2, MAP2K1, HK1, TSPO, ATP1A2, ALDOC, SDHA, ATP6V1A, UCP2, CLPX, SDHB, SPHK2, GALK1, PFKM, ZBTB7A, NDUFS8, ACTN3, GIT1, OLA1, OGDHL, AK2, PRKAG2, PPARA, NDUFS2, APP, PARP1, NUDT5, ATP6V1B2, NDUFV3, NDUFB9, LIPA, PGAM1, FIS1, NDUFB4
F124: GOBP_ATP_SYNTHESIS_COUPLED_ELECTRON_TRANSPORT | G124: Atp Synthesis Coupled Electron Transport | H124: 0.32876712 | I124: 0.6402823 | J124: 0.093746542 | K124: -0.29069257 | L124: -1.0713186 | M124: 73 | N124: COX7C, SDHA, COQ9, UQCRFS1, SDHB, BID, ISCU, NDUFS8, CYC1, NDUFS2, NDUFV3, NDUFB9, UQCRH, COX8A, NDUFB4, COX5A, UQCRHL, UQCR11, NDUFB7, SNCA, SDHD, NDUFA5, CYCS, COX5B, NDUFS7, NDUFB5, PINK1
A125: no_redundant_auto | B125: =VLOOKUP(G125,decisions1!A:B,2,FALSE) -> no_redundant | C125: =IF(L125>0,"eMPC-side","iPSC-side") -> eMPC-side | D125: mesenchymal development | E125: =VLOOKUP(F125,collapsed1!A:J,10,FALSE) -> redundant | F125: GOBP_MESENCHYME_MORPHOGENESIS | G125: Mesenchyme Morphogenesis | H125: 3.8411439e-05 | I125: 0.0032532274 | J125: 0.55733224 | K125: 0.6036285 | L125: 2.0793276 | M125: 43 | N125: ROBO1, SNAI1, WNT5A, MSX1, LEF1, APLNR, BMP2, TBX3, NOTCH1, DCHS1, ACTC1, FOXC1, TGFBR1, BMP4, SNAI2, FOXF1, MSX2
F126: GOBP_ATTACHMENT_OF_MITOTIC_SPINDLE_MICROTUBULES_TO_KINETOCHORE | G126: Attachment Of Mitotic Spindle Microtubules To Kinetochore | H126: 0.10224949 | I126: 0.40824796 | J126: 0.19991523 | K126: 0.43387145 | L126: 1.3267183 | M126: 25 | N126: CHAMP1, MAPRE1, CDCA8, HNRNPU, KAT5, KAT2B, SKA2, MAD1L1, SKA3, NUF2, CENPC, CENPE, BOD1, NDC80
F127: GOBP_ATTACHMENT_OF_SPINDLE_MICROTUBULES_TO_KINETOCHORE | G127: Attachment Of Spindle Microtubules To Kinetochore | H127: 0.41037736 | I127: 0.70280417 | J127: 0.09957912 | K127: 0.28687947 | L127: 1.0265188 | M127: 51 | N127: CHAMP1, ZW10, MAPRE1, CDCA8, RB1, HNRNPU, KAT5, NEK2, CDC42, RACGAP1, KAT2B, SKA2, MAD1L1, SKA3, NUF2, CENPC, CENPE, BOD1, NDC80, SPC25, SIRT2, KNTC1, SPAG5, NSL1, APC
F128: GOBP_AUDITORY_RECEPTOR_CELL_DEVELOPMENT | G128: Auditory Receptor Cell Development | H128: 0.17247706 | I128: 0.49867257 | J128: 0.14205664 | K128: -0.49769191 | L128: -1.2971847 | M128: 15 | N128: ANKRD24, PLS1, SLC4A7, FGFR1
F129: GOBP_AUTONOMIC_NERVOUS_SYSTEM_DEVELOPMENT | G129: Autonomic Nervous System Development | H129: 0.4214876 | I129: 0.70848096 | J129: 0.090263548 | K129: 0.34299314 | L129: 1.0162139 | M129: 23 | N129: NRP1, SOX11, GBX2, FN1, HOXB2
F130: GOBP_AUTOPHAGOSOME_LYSOSOME_FUSION | G130: Autophagosome Lysosome Fusion | H130: 0.9524838 | I130: 0.98675924 | J130: 0.051426492 | K130: 0.22056964 | L130: 0.60874286 | M130: 17 | N130: VPS11, ARL8B, VPS16, TOM1, DIAPH3, VPS33A, STX17
F131: GOBP_AUTOPHAGOSOME_MATURATION | G131: Autophagosome Maturation | H131: 0.70588235 | I131: 0.86637045 | J131: 0.071827629 | K131: 0.23679132 | L131: 0.86143693 | M131: 56 | N131: VAMP8, MCOLN1, ELP6, CALM1, SNAP29, LAMP2, PHF23, ATG12, VPS16, UBQLN4, TOM1, VPS4A, SMCR8, MAP1LC3B, VTI1B, VPS33A, STX17, TBC1D25, TSG101, GABARAP, GABARAPL2, TMEM39A, CLN3, CHMP5, MAP1LC3A
F132: GOBP_AUTOPHAGOSOME_ORGANIZATION | G132: Autophagosome Organization | H132: 0.98697917 | I132: 1 | J132: 0.058469321 | K132: 0.16956838 | L132: 0.69706546 | M132: 107 | N132: BNIP3, ULK2, AP5Z1, PIK3C2B, TP53INP2, DNAJC16, IFT88, SNX4, RAB23, SNX7, PHF23, MTMR3, TMEM41B, ATG12, TRAF6, FEZ2, ELAVL1, MFN2, TOM1, UBXN2A, AP4M1, NSFL1C, ATG9A, ZFYVE26, SMCR8, MAP1LC3B, SH3GLB1, IRGQ, STX17, ATG9B, UBXN2B, RAB33B, ATG2B, RAB1B, EPM2A, GABARAP, GABARAPL2, TMEM39A, CLN3, PIP4K2C, STX12
F133: GOBP_AUTOPHAGY_OF_MITOCHONDRION | G133: Autophagy Of Mitochondrion | H133: 0.33673469 | I133: 0.64674082 | J133: 0.091968614 | K133: -0.2714468 | L133: -1.0580571 | M133: 103 | N133: FZD5, HK2, SLC25A4, RNF41, LRBA, NIPSNAP1, GABARAPL1, TSPO, CTTN, TOMM7, RB1CC1, SLC25A5, OPTN, ABI2, WIPI1, CAMKK2, FKBP8, ULK1, HAX1, WIPI2, ARHGAP26, ATP13A2, SNX30, ATG13, WDR45B, BNIP3L, PHB2, MARK2, ATG5
F134: GOBP_AUTOPHAGY_OF_PEROXISOME | G134: Autophagy Of Peroxisome | H134: 0.53944954 | I134: 0.78597309 | J134: 0.070789909 | K134: -0.35922268 | L134: -0.93627837 | M134: 15 | N134: RB1CC1, WIPI1, WIPI2, PEX2, WDR45B, PIK3R4
F135: GOBP_AXIS_ELONGATION | G135: Axis Elongation | H135: 0.31040892 | I135: 0.63091025 | J135: 0.10208011 | K135: -0.3977505 | L135: -1.1170421 | M135: 19 | N135: SFRP2, SFRP1, FGFR2
F136: GOBP_AXIS_SPECIFICATION | G136: Axis Specification | H136: 0.11031175 | I136: 0.425101 | J136: 0.20895503 | K136: 0.35760274 | L136: 1.3054162 | M136: 57 | N136: AXIN2, WLS, WNT5A, PTCH1, TBX3, GPC3, NOTCH1, STIL
F137: GOBP_AXONAL_TRANSPORT | G137: Axonal Transport | H137: 0.20098847 | I137: 0.53194658 | J137: 0.12267919 | K137: -0.32464269 | L137: -1.1686201 | M137: 62 | N137: KIF1A, UCHL1, KIF21A, KIF5A, KIF1C, FBXW11, NETO1, TMEM108, TRIM46, MAP2, HAP1, HSPB1, FEZ1, ARMCX2, ARMC10, DST, AGTPBP1, OPA1
F138: GOBP_AXONEME_ASSEMBLY | G138: Axoneme Assembly | H138: 0.061702128 | I138: 0.32157457 | J138: 0.26635066 | K138: 0.4575614 | L138: 1.4350983 | M138: 28 | N138: TTC12, UBE2B, CFAP44, CLUAP1, TPGS1, BBS2, SPEF2, STK36, TTLL5, CCDC40, SPAG16, OFD1
A139: no_redundant_auto | B139: =VLOOKUP(G139,decisions1!A:B,2,FALSE) -> no_redundant | C139: =IF(L139>0,"eMPC-side","iPSC-side") -> eMPC-side | D139: cardiovascular and endocardial development | E139: =VLOOKUP(F139,collapsed1!A:J,10,FALSE) -> redundant | F139: GOBP_HEART_VALVE_DEVELOPMENT | G139: Heart Valve Development | H139: 7.7421333e-06 | I139: 0.0011493549 | J139: 0.59332548 | K139: 0.55611142 | L139: 2.0753876 | M139: 63 | N139: AXIN2, ROBO1, SNAI1, ROCK2, CDH11, EFNA1, APLNR, BMP2, STRA6, ADAMTS19, NOTCH1, DCHS1, DKK1, ADAMTS9, BMP4, SNAI2, EMILIN1, BMPR2, ZBTB14, TNFRSF1B, HECTD1, SMAD6, SMAD2, RB1, TGFB1, PRDM1
F140: GOBP_AXON_ENSHEATHMENT_IN_CENTRAL_NERVOUS_SYSTEM | G140: Axon Ensheathment In Central Nervous System | H140: 0.047706422 | I140: 0.28877781 | J140: 0.28201335 | K140: -0.57627776 | L140: -1.5020109 | M140: 15 | N140: GPM6B, CNTN1, ERCC2, B4GALT6, PLP1, CLU
F141: GOBP_AXON_EXTENSION | G141: Axon Extension | H141: 0.010234965 | I141: 0.12244467 | J141: 0.3807304 | K141: -0.40153331 | L141: -1.5129609 | M141: 82 | N141: CDH1, USP9X, CXCL12, NLGN3, DRAXIN, TNFRSF12A, MACF1, SEMA3F, PAK1, BCL11A, ARHGAP4, APOE, AUTS2, DCLK1, SEMA5A, CTTN, OLFM1, LAMB2, RTN4R, SEMA6C, VCL, L1CAM, TRIM46, MAP2, LIMK1, TWF2, SHTN1, SIN3A, SMURF1, SEMA5B, ULK1, VEGFA
F142: GOBP_AXO_DENDRITIC_TRANSPORT | G142: Axo Dendritic Transport | H142: 0.14190317 | I142: 0.45836226 | J142: 0.1501698 | K142: -0.3261351 | L142: -1.2196623 | M142: 78 | N142: KIF1A, RAB17, UCHL1, KIF21A, KIF5A, KLC3, KIF1C, FBXW11, NETO1, KIF17, TMEM108, TRIM46, MAP2, HAP1, HSPB1, FEZ1, ARMCX2, ARMC10, DST, AGTPBP1, OPA1, APP
F143: GOBP_BARBED_END_ACTIN_FILAMENT_CAPPING | G143: Barbed End Actin Filament Capping | H143: 0.71030043 | I143: 0.86742851 | J143: 0.064940768 | K143: 0.29325715 | L143: 0.82173668 | M143: 18 | N143: EPS8, ADD1
F144: GOBP_BASEMENT_MEMBRANE_ORGANIZATION | G144: Basement Membrane Organization | H144: 0.11853448 | I144: 0.43596128 | J144: 0.19002331 | K144: 0.40103793 | L144: 1.2992546 | M144: 32 | N144: LAMB1, POMT2, PHLDB2, FLRT2, POMGNT1, PXDN, RIC8A, HMCN1, CLASP2, COL6A1, FKRP, PLOD3, NID2, COL4A1, FKTN, LAMC1, NID1
F145: GOBP_BASE_EXCISION_REPAIR | G145: Base Excision Repair | H145: 0.53971963 | I145: 0.78597309 | J145: 0.083363407 | K145: 0.26885387 | L145: 0.94624278 | M145: 46 | N145: USP47, FEN1, XPA, POLE, HMGA2, MPG, TDG, LIG1, DNA2, MBD4, PARP2, APEX1, FAM168A, SMUG1, APEX2
A146: no_redundant_manual | B146: =VLOOKUP(G146,decisions1!A:B,2,FALSE) -> no_biology | C146: =IF(L146>0,"eMPC-side","iPSC-side") -> eMPC-side | D146: lipid and sterol metabolism | E146: =VLOOKUP(F146,collapsed1!A:J,10,FALSE) -> main | F146: GOBP_STEROL_METABOLIC_PROCESS | G146: Sterol Metabolic Process | H146: 2.2659717e-06 | I146: 0.00046254146 | J146: 0.62725674 | K146: 0.50276948 | L146: 2.0663012 | M146: 101 | N146: PCSK9, TTC39B, SOAT1, CYP51A1, ABCG1, GNAI1, MVK, IDI1, CLN6, LMF1, HSD17B7, MVD, NSDHL, PPARD, HMGCS1, LSS, SMPD1, LIMA1, MBTPS2, NPC1, TSKU, HMGCR, HDLBP, INSIG1, DHCR24, EBP, LDLR, PRKACA, ABCA5, DHCR7, ACLY, CYP27A1, CUBN, STARD4, SQLE, MSMO1, FDPS
F147: GOBP_BICARBONATE_TRANSPORT | G147: Bicarbonate Transport | H147: 0.18322296 | I147: 0.50845229 | J147: 0.15214492 | K147: 0.46215982 | L147: 1.2570459 | M147: 16 | N147: SLC39A8
F148: GOBP_BICELLULAR_TIGHT_JUNCTION_ASSEMBLY | G148: Bicellular Tight Junction Assembly | H148: 0.27447552 | I148: 0.60928677 | J148: 0.10592029 | K148: -0.34748699 | L148: -1.1430016 | M148: 40 | N148: CLDN6, FZD5, GRHL2, OCLN, MYO1C, MPP7, MARVELD3, OCEL1
F149: GOBP_BILE_ACID_BIOSYNTHETIC_PROCESS | G149: Bile Acid Biosynthetic Process | H149: 0.29545455 | I149: 0.62054955 | J149: 0.10632326 | K149: -0.39595102 | L149: -1.1381945 | M149: 21 | N149: OSBPL2, ACOT8, OSBPL3, SLC27A2, FGFR4, SLC27A5, ERRFI1, SIRT1, OSBP, HSD3B7, OSBPL1A
F150: GOBP_BILE_ACID_METABOLIC_PROCESS | G150: Bile Acid Metabolic Process | H150: 0.56521739 | I150: 0.79982669 | J150: 0.069945874 | K150: -0.30792587 | L150: -0.93916822 | M150: 29 | N150: OSBPL2, ACOT8, OSBPL3, SLC27A2, FGFR4, SLC27A5, ERRFI1, NR5A2, ATP8B1, SIRT1, OSBP, HSD3B7, OSBPL1A
F151: GOBP_BIOLOGICAL_PROCESS_INVOLVED_IN_INTERACTION_WITH_HOST | G151: Biological Process Involved In Interaction With Host | H151: 0.41004862 | I151: 0.70280417 | J151: 0.078502905 | K151: -0.25494678 | L151: -1.0100945 | M151: 113 | N151: DAG1, TYRO3, CLDN6, CXADR, TMPRSS2, AXL, CHMP1B, INSR, CBL, EXOC2, TRIM62, HSPD1, TRIM5, SLC3A2, ITGA2, GAS6, CD55, F11R, CD46, CDHR3, XPR1, CHMP2B, TFRC, TRIM25, SLC1A5, MYH9, EPS15, SLC7A1, HSP90AB1
A152: no_redundant_manual | B152: =VLOOKUP(G152,decisions1!A:B,2,FALSE) -> no_redundant | C152: =IF(L152>0,"eMPC-side","iPSC-side") -> eMPC-side | D152: embryonic patterning and morphogenesis | E152: =VLOOKUP(F152,collapsed1!A:J,10,FALSE) -> main | F152: GOBP_PATTERN_SPECIFICATION_PROCESS | G152: Pattern Specification Process | H152: 1.7576553e-10 | I152: 2.490579e-07 | J152: 0.8266573 | K152: 0.44740752 | L152: 2.0554716 | M152: 263 | N152: AXIN2, NKD1, PLXNA2, DLL3, HES6, WLS, IFT57, ROBO1, MLLT3, PCSK5, FOXH1, SNAI1, NRP1, WNT5A, HOXC4, LRP4, MSX1, LFNG, HOXA5, LEF1, HOXB6, HOXB5, BMP1, PTCH1, BHLHE40, APLNR, BMP2, TBX3, ZEB2, GPC3, HOXB4, HIPK2, HOXA3, POFUT1, SMAD1, GBX2, NOTCH1, SUFU, TSHZ1, STIL, HOXA9, SATB2, HOXB8, DCHS1, GPR161, MEIS2, HOXB7, HOXB3, PKD2, DAAM2, HOXB9, HOXB2, ALDH1A2, DVL2, FOXC1, TCTN1, DKK1, HOXC6, TGFBR1, GLI3, BMP4, POGLUT1, KIF3B, PPP2R3A, DISP1, SMAD5, MEIS1, BMPR2, NPHP3, FOXF1, ZEB1, MSX2, AR, CLUAP1, TULP3, DPCD, BBS5
F153: GOBP_BIOLOGICAL_PROCESS_INVOLVED_IN_SYMBIOTIC_INTERACTION | G153: Biological Process Involved In Symbiotic Interaction | H153: 0.45718901 | I153: 0.73087583 | J153: 0.072714108 | K153: -0.24761163 | L153: -0.99237392 | M153: 127 | N153: DAG1, TYRO3, CLDN6, CXADR, TMPRSS2, AXL, CHMP1B, INSR, CBL, EXOC2, BST2, TRIM62, HSPD1, TRIM5, SLC3A2, ITGA2, GAS6, CD55, F11R, CD46, CDHR3, GSDMB, XPR1, CHMP2B, KPNA2, TFRC, TRIM25, SLC1A5, MYH9, GPX1, EPS15, SLC7A1, HSP90AB1
...

Sheet collapsed1
A1: pathway | B1: pathway_clean | C1: pval | D1: padj | E1: log2err | F1: ES | G1: NES | H1: size | I1: leadingEdge | J1: collapsed_status
A2: GOBP_ALCOHOL_METABOLIC_PROCESS | B2: Alcohol Metabolic Process | C2: 0.0021564555 | D2: 0.047548176 | E2: 0.4317077 | F2: 0.33561772 | G2: 1.5159304 | H2: 212 | I2: PCSK9, TTC39B, SOAT1, CYP51A1, ABCG1, QDPR, DAB2, GNAI1, MVK, IDI1, CLN6, LMF1, HSD17B7, BMP2, ACSS2, H6PD, MVD, NSDHL, PPARD, NUDT11, CES2, HMGCS1, NUDT10, LSS, SMPD1, LIMA1, IDH2, ALDH1A2, MBTPS2, NPC1, TSKU, HMGCR, HDLBP, INSIG1, DHCR24, EBP, INPP4A, LDLR, SGPP1, PRKACA, IMPA1, ABCA5, DHCR7, FKRP, ACLY, OCRL, PARK7, CYP27A1, CUBN, STARD4, SQLE, MSMO1, FDPS, PTH1R, CYP27C1, PNPLA4, KPNB1, COQ2, SULT1C4, AKR7A2, SC5D, PAQR3 | J2: main
A3: GOBP_ANIMAL_ORGAN_FORMATION | B3: Animal Organ Formation | C3: 0.0011022323 | D3: 0.032431446 | E3: 0.45505987 | F3: 0.5449802 | G3: 1.8147456 | H3: 37 | I3: AXIN2, ROBO1, FOXH1, WNT5A, BMP2, HOXA3, NOTCH1, EMP2, DKK1, GLI3, BMP4 | J3: redundant
A4: GOBP_ANTERIOR_POSTERIOR_PATTERN_SPECIFICATION | B4: Anterior Posterior Pattern Specification | C4: 3.9301429e-09 | D4: 2.2373374e-06 | E4: 0.7614608 | F4: 0.52976756 | G4: 2.2520977 | H4: 130 | I4: AXIN2, NKD1, PLXNA2, DLL3, HES6, WLS, MLLT3, PCSK5, FOXH1, WNT5A, HOXC4, MSX1, LFNG, HOXA5, LEF1, HOXB6, HOXB5, BHLHE40, BMP2, TBX3, ZEB2, GPC3, HOXB4, HIPK2, HOXA3, POFUT1, GBX2, NOTCH1, TSHZ1, HOXA9, HOXB8, HOXB7, HOXB3, HOXB9, HOXB2, ALDH1A2, FOXC1, DKK1, HOXC6, TGFBR1, GLI3, BMP4, POGLUT1 | J4: main
A5: GOBP_AORTIC_VALVE_MORPHOGENESIS | B5: Aortic Valve Morphogenesis | C5: 1.9423601e-05 | D5: 0.0019824213 | E5: 0.57561026 | F5: 0.68019267 | G5: 2.1890698 | H5: 31 | I5: AXIN2, ROBO1, SNAI1, ROCK2, CDH11, EFNA1, ADAMTS19, NOTCH1, BMP4, SNAI2, EMILIN1 | J5: redundant
A6: GOBP_ARGININE_METABOLIC_PROCESS | B6: Arginine Metabolic Process | C6: 0.00038326636 | D6: 0.014064583 | E6: 0.49849311 | F6: 0.71828548 | G6: 1.9536918 | H6: 16 | I6: SLC39A8, ODC1, DDAH1, OAT, ATP2B4, ASS1 | J6: main
A7: GOBP_ARTERY_DEVELOPMENT | B7: Artery Development | C7: 0.0022863695 | D7: 0.049452203 | E7: 0.4317077 | F7: 0.42247956 | G7: 1.6688065 | H7: 83 | I7: ROBO1, FOXH1, NRP1, ZMIZ1, MDK, EFEMP2, APLNR, STRA6, NOTCH1, SUFU, PKD2, FOXC1, DCTN5, ADAMTS9, TGFBR1, GLI3, BMP4, LDLR, MYLK, BMPR2, FOXF1, NFATC3 | J7: redundant
A8: GOBP_ARTERY_MORPHOGENESIS | B8: Artery Morphogenesis | C8: 0.00078928005 | D8: 0.025027074 | E8: 0.47727082 | F8: 0.49978089 | G8: 1.8100787 | H8: 54 | I8: FOXH1, NRP1, ZMIZ1, MDK, EFEMP2, STRA6, NOTCH1, PKD2, FOXC1, ADAMTS9, TGFBR1, BMP4, LDLR, MYLK, BMPR2, FOXF1, NFATC3 | J8: redundant
A9: GOBP_ATRIOVENTRICULAR_VALVE_DEVELOPMENT | B9: Atrioventricular Valve Development | C9: 0.00032724716 | D9: 0.012610516 | E9: 0.49849311 | F9: 0.66481746 | G9: 2.0013594 | H9: 24 | I9: AXIN2, EFNA1, APLNR, BMP2, ADAMTS19, NOTCH1, DCHS1 | J9: redundant
A10: GOBP_AXON_DEVELOPMENT | B10: Axon Development | C10: 0.0017438055 | D10: 0.043475334 | E10: 0.45505987 | F10: -0.32247645 | G10: -1.4532779 | H10: 338 | I10: DAG1, VASH2, GPM6B, RND2, CDH1, FGFR2, USP9X, BRSK2, COBL, CYFIP2, UCHL1, UNC5B, CELSR2, PTPRF, THY1, CXCL12, VASP, FGF13, NLGN3, DRAXIN, PTPRZ1, TNFRSF12A, MACF1, CELSR3, CNTN1, RTN4RL2, SEMA3F, KIF21A, SEMA6B, RAB3A, SEMA6A, OTX2, PAK1, BCL11A, EPHB1, STXBP1, ATP8A2, ERBB2, EPHB6, KIF5A, ARHGAP4, MATN2, APOE, NMNAT2, AUTS2, ANK3, DCLK1, MAP2K1, EMB, HMCN2, SEMA4A, SEMA5A, PARD6B, SEMA4B, B4GALT6, NFASC, TSPO, MAP1S, PLP1, PRICKLE1, NOVA2, CTTN, OLFM1, STK11, ETV1, SPP1, CD2AP, LYPLA2, LAMB2, RTN4R, JUN, SEMA6C, VCL, NRXN1, KIF13B, L1CAM, PLEKHG4, TRIM46, MAP2, LPAR3, APBB2, METRN, GLI2, NGFR, LMO4, LIMK1, NOTCH3, TWF2, ADGRB1, CTNNA1, NUMB, RAC3, FEZ1, PTPRJ, SHTN1, SIN3A, SMURF1 | J10: redundant
A11: GOBP_BEHAVIOR | B11: Behavior | C11: 0.0021250923 | D11: 0.047538023 | E11: 0.4317077 | F11: -0.3078786 | G11: -1.4017242 | H11: 390 | I11: GPR176, GABRB3, ITGA3, SHANK2, VLDLR, EIF2AK4, NRXN2, BRINP1, GNAO1, JPH4, UCHL1, GRIN2D, NLGN4X, P2RY1, FGF2, CXCL12, FGF13, KIT, NLGN3, MMP17, STRBP, ARRB2, TP53, SLC1A1, IDO1, PTPRZ1, ZFHX2, GATM, ADCY5, CNTN1, PRKAR1B, INSR, GNB1L, GNG7, STAT3, ATP8A2, JPH3, SLC1A3, GABRA5, PIANP, APOE, ITPR3, ATP1B2, ADM2, GAL, THBS1, KRAS, CPT1A, NLGN1, ARC, TSPO, PRKAR2B, ABCC1, ATP1A2, TMEM63B, NDRG4, NPAS1, ETV1, GPR37, DEAF1, ABAT, VPS13A, FIG4, NETO1, CALB1, ATP8A1, FADD, NPW, SLC18A2, NRXN1, UCK2, MTA1, SNCG, CEBPB, RAPGEF3, CIART, CNTNAP2, BAIAP3, CHRNB1, ADA, MFSD2A, EDNRB, GDF15, HPRT1, PBX3, OPN3, THBS4, FXR1, SDK1, TMOD1, APRT, EPHB2, MRAP2, SYT11, IGLON5, ABCA7, GIT1, BBS4, SEZ6L2 | J11: redundant
A12: GOBP_BIOLOGICAL_PROCESS_INVOLVED_IN_INTRASPECIES_INTERACTION_BETWEEN_ORGANISMS | B12: Biological Process Involved In Intraspecies Interaction Between Organisms | C12: 0.0017750546 | D12: 0.043919154 | E12: 0.45505987 | F12: -0.56175388 | G12: -1.7672877 | H12: 33 | I12: GABRB3, SHANK2, NRXN2, BRINP1, NLGN4X, NLGN3, GNB1L, PIANP, VPS13A, NRXN1, CNTNAP2 | J12: main
A13: GOBP_BONE_DEVELOPMENT | B13: Bone Development | C13: 3.8340195e-06 | D13: 0.00065904778 | E13: 0.61052688 | F13: 0.43330854 | G13: 1.8790714 | H13: 152 | I13: AXIN2, ASXL1, GJA1, SEMA4D, FBN1, MSX1, AMER1, MMP14, ATP6AP1, HAS2, BMP2, HOXB4, ANXA2, SMAD1, TRIP11, P3H1, DCHS1, INPPL1, SLC38A10, NAB2, FOXC1, MBTPS2, NPR2, TSKU, INSIG1, EBP, GLI3, BMP4, PPIB, SBDS, COL13A1, MMP16, PRKG1, COL6A1, SMAD5, BMPR2, FREM1, GGCX, MSX2, GNAS, KDR, ATF2, RAB23, TULP3, SH3PXD2B | J13: redundant
... A152: GOBP_VESICLE_MEDIATED_TRANSPORT_IN_SYNAPSE | B152: Vesicle Mediated Transport In Synapse | C152: 1.6854627e-05 | D152: 0.0018349071 | E152: 0.57561026 | F152: -0.42145111 | G152: -1.7682016 | H152: 187 | I152: UNC13A, RIMS3, BRSK2, SYT2, SYT13, SYP, P2RY1, GRIK5, NLGN3, IQSEC2, SYN1, RIMS4, PRKCB, RAB5A, PRKAR1B, RAB3A, RIMS2, CACNA1B, STXBP1, DNAJC6, SYNGR3, PREPL, CADPS2, SNPH, PPFIA3, UNC13B, PACSIN1, OSBPL2, NLGN1, ARC, MX2, EPS15L1, EFR3A, SYN3, PRRT2, STX1B, STON1, ATP6V1A, ATP8A1, BSN, RAB3B, SUSD4, SLC18A2, NRXN1, SNCG, SYN2, NUMB, SYT17, MX1, SYT11, EPS15, GIT1, VAMP2, ATP6V1C1, SLC4A8, CBLB, SLC17A5, PCLO, SYT7, PLS3, SNAP47, SYNJ2, ATP6V1B2, ITSN1, AP2A1, STXBP2, DVL1, GRIPAP1, TPRG1L, CALM2, OPHN1, RAC1 | J152: redundant

Sheet decisions1
A1: pathway_clean | B1: include_apriori
A2: Anterior Posterior Pattern Specification | B2: yes_apriori
A3: Heart Valve Morphogenesis | B3: no_redundant
A4: Semi Lunar Valve Development | B4: yes_apriori
A5: Aortic Valve Morphogenesis | B5: no_redundant
A6: Cholesterol Biosynthetic Process Via Desmosterol | B6: no_biology
A7: Endocardial Cushion Formation | B7: no_redundant
A8: Endocardial Cushion Morphogenesis | B8: no_redundant
A9: Heart Formation | B9: no_redundant
A10: Mesenchyme Morphogenesis | B10: no_redundant
A11: Heart Valve Development | B11: no_redundant
A12: Sterol Metabolic Process | B12: no_biology
... A152: Synaptic Vesicle Exocytosis | B152: no_biology

Sheet EC_vs_eMPC
A1: Include in signature? | B1: include_apriori | C1: Stage-associated side of contrast (auto from NES sign) | D1: Biological category | E1: Redundancy | F1: pathway | G1: pathway_clean | H1: pval | I1: padj | J1: log2err | K1: ES | L1: NES | M1: size | N1: leadingEdge
F2: GOBP_2_OXOGLUTARATE_METABOLIC_PROCESS | G2: 2 Oxoglutarate Metabolic Process | H2: 0.11851852 | I2: 0.22323038 | J2: 0.20429476 | K2: -0.49703922 | L2: -1.3914651 | M2: 15 | N2: GPT2, IDH1, AADAT, L2HGDH
F3: GOBP_3_UTR_MEDIATED_MRNA_DESTABILIZATION | G3: 3 Utr Mediated Mrna Destabilization | H3: 0.15841584 | I3: 0.27505908 | J3: 0.17520405 | K3: -0.43038926 | L3: -1.2855649 | M3: 19 | N3: TRIM71, HNRNPD, KHSRP, DHX36, TARDBP
F4: GOBP_3_UTR_MEDIATED_MRNA_STABILIZATION | G4: 3 Utr Mediated Mrna Stabilization | H4: 0.20537897 | I4: 0.32956049 | J4: 0.15114876 | K4: -0.40486199 | L4: -1.2257758 | M4: 20 | N4: HNRNPC, METTL16, HNRNPA0, RBM38, TARDBP, ELAVL1, RBM10
F5: GOBP_ACETYL_COA_BIOSYNTHETIC_PROCESS | G5: Acetyl Coa Biosynthetic Process | H5: 0.54457831 | I5: 0.650546 | J5: 0.084555744 | K5: -0.29734519 | L5: -0.91608513 | M5: 21 | N5: PDK1, ACLY
A6: yes_final | B6: =VLOOKUP(F6,decisions2!A:B,2,FALSE) -> yes_apriori | C6: =IF(L6>0,"EC-side","eMPC-side") -> EC-side | D6: angiogenesis / vasculogenesis | E6: =VLOOKUP(F6,collapsed2!A:J,10,FALSE) -> main | F6: GOBP_ENDOTHELIAL_CELL_MIGRATION | G6: Endothelial Cell Migration | H6: 1.0566802e-17 | I6: 1.8163777e-15 | J6: 1.0864405 | K6: 0.5763941 | L6: 2.565904 | M6: 174 | N6: THBS1, TGFB1, VASH1, EFNB2, PLXND1, ITGB1, RHOB, ANXA1, TGFB1I1, ADAMTS9, EFNA1, SPARC, KDR, HDAC7, TMSB4X, GADD45A, HSPB1, RRAS, NRP1, FOXP1, FSTL1, FLT4, ACVRL1, LGALS8, BCAR1, CDH13, ETS1, SEMA5A, TGFBR3, PLK2, LOXL2, GATA2, TEK, EPHB4, MYH9, TBXA2R, PIK3CG, GPX1, GATA3, PIK3CA, CD40, LGMN, GIPC1, SP100, GRN, EHD4, CEACAM1, SASH1, NRP2, ATP2B4, CORO1B, PLEKHG5, ITGB1BP1, STARD13, PTPRM, FN1, RAB13, PXN, ZNF580, CARD10, TNFSF12, ADGRA2, SOX18, PDGFB, VEGFC, DLL4, PPARG, MMRN2, HMOX1, CIB1, NFE2L2, CLEC14A, EGF, PRCP, BMPER, CDH5, MET, RIN2, STC1, PTP4A3, RHOA
F7: GOBP_ACIDIC_AMINO_ACID_TRANSPORT | G7: Acidic Amino Acid Transport | H7: 0.18120805 | I7: 0.30179781 | J7: 0.13145761 | K7: 0.35976437 | L7: 1.2432845 | M7: 40 | N7: ITGB1, SLC1A4, GIPC1, SNCA, ARL6IP5, PRAF2, TTYH3, PSEN1, SLC7A11, DTNBP1, STXBP1, SLC38A2, SLC25A12, LRRC8C, NPY5R
F8: GOBP_ACROSOME_ASSEMBLY | G8: Acrosome Assembly | H8: 0.46419753 | I8: 0.58109204 | J8: 0.094975153 | K8: -0.36041347 | L8: -1.0089803 | M8: 15 | N8: CEP78, CCDC136, PLA2G3, CEP70
F9: GOBP_ACROSOME_REACTION | G9: Acrosome Reaction | H9: 0.60301508 | I9: 0.69937757 | J9: 0.081302735 | K9: -0.31615729 | L9: -0.90278815 | M9: 16 | N9: HVCN1, SYT6, TRIM36, CACNA1H
F10: GOBP_ACTIN_FILAMENT_BASED_MOVEMENT | G10: Actin Filament Based Movement | H10: 0.16975309 | I10: 0.28830659 | J10: 0.13010563 | K10: 0.30053834 | L10: 1.198357 | M10: 87 | N10: MYO1C, PARVA, MYO6, SUN2, GSN, TRPM4, MYH9, PIK3CA, MYL6, ACTA2, TPM1, WIPF1, ACTN4, SHTN1, MYO5A, FRMD6, MYO9B, STC1, WASF2, GPD1L, SRI, PDE4D, QKI, PDE4B
A11: yes_final | B11: =VLOOKUP(F11,decisions2!A:B,2,FALSE) -> no_redundant | C11: =IF(L11>0,"EC-side","eMPC-side") -> EC-side | D11: angiogenesis / vasculogenesis | E11: =VLOOKUP(F11,collapsed2!A:J,10,FALSE) -> main | F11: GOBP_SPROUTING_ANGIOGENESIS | G11: Sprouting Angiogenesis | H11: 4.260018e-12 | I11: 3.3126711e-10 | J11: 0.88707499 | K11: 0.59045206 | L11: 2.45003 | M11: 107 | N11: THBS1, TGFB1, FLT1, EFNB2, ITGB1, JAK1, TSPAN18, ANXA1, PARVA, ADAMTS9, ITGA5, NRARP, RNF213, KDR, HDAC7, NRP1, FLT4, ACVRL1, CDH13, SEMA5A, TGFBR3, PLK2, LOXL2, TGM2, GATA2, TEK, ENG, EPHB4, TBXA2R, EHD4, CEACAM1, ITGB1BP1, ADGRG6, STARD13, RECK, RAMP2, CARD10, PGF, ADGRA2, VEGFC, DLL4, EPN2, NGFR, MMRN2, HMOX1, CIB1, CLEC14A, CREB3L1, BMPER, CDH5, RHOA
A12: no_redundant_auto | B12: =VLOOKUP(F12,decisions2!A:B,2,FALSE) -> no_redundant | C12: =IF(L12>0,"EC-side","eMPC-side") -> EC-side | D12: angiogenesis / vasculogenesis | E12: =VLOOKUP(F12,collapsed2!A:J,10,FALSE) -> redundant | F12: GOBP_REGULATION_OF_ENDOTHELIAL_CELL_MIGRATION | G12: Regulation Of Endothelial Cell Migration | H12: 1.8228225e-12 | I12: 1.566668e-10 | J12: 0.89867123 | K12: 0.55917154 | L12: 2.3937596 | M12: 135 | N12: THBS1, TGFB1, VASH1, RHOB, ANXA1, ADAMTS9, EFNA1, SPARC, KDR, HDAC7, TMSB4X, GADD45A, HSPB1, RRAS, NRP1, FOXP1, FLT4, ACVRL1, BCAR1, ETS1, SEMA5A, TGFBR3, PLK2, GATA2, TEK, TBXA2R, PIK3CG, GATA3, CD40, LGMN, SP100, GRN, CEACAM1, SASH1, NRP2, ATP2B4, ITGB1BP1, STARD13, PTPRM, ZNF580, CARD10, ADGRA2, PDGFB, VEGFC, DLL4, PPARG, MMRN2, HMOX1, CIB1, NFE2L2, EGF, PRCP, BMPER, MET, RIN2, STC1, RHOA, NOS3, FGF2, MAPK14, MECP2, MMRN1, MAP2K3, MEF2C, ADAM17, PRKCA, NOTCH1, EDN1, PRKD2, NR2F2, PIK3CD
A13: yes_final | B13: =VLOOKUP(F13,decisions2!A:B,2,FALSE) -> yes_apriori | C13: =IF(L13>0,"EC-side","eMPC-side") -> EC-side | D13: angiogenesis / vasculogenesis | E13: =VLOOKUP(F13,collapsed2!A:J,10,FALSE) -> main | F13: GOBP_BLOOD_VESSEL_MORPHOGENESIS | G13: Blood Vessel Morphogenesis | H13: 3.9809644e-23 | I13: 1.4446477e-20 | J13: 1.2462328 | K13: 0.48332826 | L13: 2.3771477 | M13: 452 | N13: COL4A1, THBS1, COL4A2, TGFB1, VASH1, FLT1, UNC5B, EFNB2, PLXND1, ITGB1, ANXA2, RHOB, JAK1, TSPAN18, ANXA1, PARVA, HS6ST1, ERAP1, ADAMTS9, ELK3, EFNA1, SAT1, THSD7A, ITGA5, NRARP, SPARC, BCAM, TGFBR2, MEIS1, RNF213, KDR, BMPR2, HDAC7, JUN, GADD45A, JAG1, HSPB1, EGFL7, STAT3, RRAS, PTPRB, NRP1, FLT4, JUNB, MCAM, ACVRL1, TIE1, HSPG2, FZD8, CDH13, MYO1E, FZD4, ETS1, TNFAIP2, SEMA5A, TGFBR3, PLK2, LOXL2, TGM2, SHC1, GATA2, EFEMP2, TEK, HEG1, ENG, EPHB4, PXDN, MYH9, TBXA2R, PIK3CG, GPX1, PIK3CA, RELA, CD40, JAM3, MMP14, COL3A1, SP100, COL18A1, GRN, EHD4, EPAS1, CEACAM1, SASH1, TMEM100, B4GALT1, NRP2, FOXO4, BAX, ATP2B4, PLEKHG5, ADAM15, ANPEP, ITGB1BP1, RUNX1, ADGRG6, STARD13, PTPRM, NPR1, RASIP1, RECK, ITGAV, HEY1, FN1, RAMP2, FYN, CARD10, TNFSF12, NEDD4, MYDGF, PGF, ADGRA2, SOX18, HEY2, PDGFB, S1PR1, BTG1, ROBO4, VEGFC, DLL4, EPN2, SOX17, NGFR, PPARG, GPR4, RAPGEF2, EGLN1, ZFPM2, MMRN2, HMOX1, CIB1, HIPK2, SLC12A6, STAB1, NFE2L2, CLEC14A, EGF, POFUT1, PRCP, HES1, SULF1, CD47, CREB3L1, PDGFA, STIM1, BMPER, SPHK1, CDH5, RIN2, ANGPTL4, RAP1A, PRDM1, RHOA, WASF2, FKBP10, HHEX, MYLK, TGFBI, NOS3, ADM, CASP8, NPR3, FGF2, TAL1, ESM1, TNFRSF12A, MAPK14, PDGFRB, QKI, PML, ADGRF5, CD93, NINJ1, TJP1, NOTCH4, CCM2, MECP2, ECM1, FMNL3, MMRN1, RAPGEF3, SHB, CALCRL, TYMP, SEC24B, HPSE, PRKCA, NOTCH1, EDN1, IGFBP7, ID1, PPP1R16B, PRKD2, COL15A1, KLF2, NR2F2, DAG1, MICALL1, PIK3CD, NAGLU, CSPG4, CCL2, CLDN5, LEPR, ECSCR, ADGRG1, EMILIN2, VPS4B, EMILIN1, VAV3, FOXC2, SERPINE1, ANGPT2
A14: no_redundant_auto | B14: =VLOOKUP(F14,decisions2!A:B,2,FALSE) -> no_redundant | C14: =IF(L14>0,"EC-side","eMPC-side") -> EC-side | D14: angiogenesis / vasculogenesis | E14: =VLOOKUP(F14,collapsed2!A:J,10,FALSE) -> redundant | F14: GOBP_POSITIVE_REGULATION_OF_ENDOTHELIAL_CELL_MIGRATION | G14: Positive Regulation Of Endothelial Cell Migration | H14: 8.8233887e-11 | I14: 5.4372052e-09 | J14: 0.83908894 | K14: 0.59389344 | L14: 2.3723218 | M14: 88 | N14: THBS1, TGFB1, RHOB, ANXA1, SPARC, KDR, HDAC7, TMSB4X, HSPB1, RRAS, NRP1, FOXP1, FLT4, BCAR1, ETS1, SEMA5A, TGFBR3, PLK2, GATA2, TEK, PIK3CG, GATA3, CD40, LGMN, GRN, SASH1, NRP2, ITGB1BP1, ZNF580, ADGRA2, PDGFB, VEGFC, HMOX1, CIB1, NFE2L2, EGF, MET, RIN2, NOS3, FGF2, MAPK14
F15: GOBP_ACTIN_MEDIATED_CELL_CONTRACTION | G15: Actin Mediated Cell Contraction | H15: 0.73427673 | I15: 0.80474758 | J15: 0.04879897 | K15: 0.22331861 | L15: 0.85703868 | M15: 71 | N15: PARVA, GSN, TRPM4, MYH9, PIK3CA, MYL6, ACTA2, TPM1, SHTN1, FRMD6, STC1, GPD1L, SRI, PDE4D, QKI, PDE4B
F16: GOBP_ACTIN_NUCLEATION | G16: Actin Nucleation | H16: 0.022403116 | I16: 0.062805645 | J16: 0.35248786 | K16: 0.44286457 | L16: 1.5149382 | M16: 38 | N16: ARPC1B, GSN, HIP1R, SPIRE1, CORO1B, ARPC3, ARPC5, WHAMM, ACTR2, FCHSD2, ARPC2, WASF2, ARPIN, ACTR3, BRK1, ARPC4, ARPC1A, PICK1, GMFG, ARF1
A17: no_redundant_auto | B17: =VLOOKUP(F17,decisions2!A:B,2,FALSE) -> yes_apriori | C17: =IF(L17>0,"EC-side","eMPC-side") -> EC-side | D17: hemostasis / coagulation | E17: =VLOOKUP(F17,collapsed2!A:J,10,FALSE) -> redundant | F17: GOBP_HEMOSTASIS | G17: Hemostasis | H17: 5.2235352e-13 | I17: 5.3312706e-11 | J17: 0.921426 | K17: 0.54276522 | L17: 2.3716343 | M17: 154 | N17: THBS1, F2R, CSRP1, ANXA2, TSPAN18, TFPI, IL6ST, TLN1, HSPB1, TSPAN9, CD59, CD9, FZD6, RASA3, DGKA, MYL12A, SH2B3, MYH9, TBXA2R, PIK3CG, PIK3CA, CD40, PEAR1, DGKH, PLAUR, COL3A1, AXL, VWF, PROS1, CEACAM1, P2RY1, ITGA2, ANXA5, PROCR, FN1, MERTK, PLAU, PDGFB, PRRG1, F2RL2, ITPR3, GNA12, THBD, DGKZ, NFE2L2, IL6R, PDGFA, ANGPTL4, TLR4, NOS3, SLC7A11, DTNBP1, STXBP1, MAPK14, SERPING1, SELP, GGCX, ACTN1, VCL, PLSCR1, MMRN1, C1GALT1C1, F11R, FLI1, HPSE, PRKCA, BLOC1S3, EDN1, PLCG2, DGKE, HPS5, RAB27A, STXBP3, ADGRG1, PAFAH2, ST3GAL4, EMILIN2, EMILIN1, VAV3, SERPINE1, ANGPT2, ACTB, CAV1, FIBP
F18: GOBP_ACTION_POTENTIAL | G18: Action Potential | H18: 0.6 | I18: 0.69687055 | J18: 0.085535695 | K18: -0.21905395 | L18: -0.94153835 | M18: 78 | N18: KCNG1, NUP155, CXADR, DSP, DLG1, FGF13, DSG2, GJC1, KCNH2, KCNQ2, MTOR, CLCN2, ATP1A2, NEDD4L
F19: GOBP_ACTIVATED_T_CELL_PROLIFERATION | G19: Activated T Cell Proliferation | H19: 0.038466529 | I19: 0.095537401 | J19: 0.32177592 | K19: 0.49750892 | L19: 1.5226454 | M19: 24 | N19: PRKAR1A, LRRC32, IGFBP2, FYN, PPP3CA, BTN3A1, IGF2, PRNP, LGALS9, TNFSF9, ICOSLG, FADD, IDO1, STAT5A, LAPTM5
F20: GOBP_ACTIVATION_OF_GTPASE_ACTIVITY | G20: Activation Of Gtpase Activity | H20: 0.8718593 | I20: 0.90931899 | J20: 0.062661823 | K20: -0.23338486 | L20: -0.66643121 | M20: 16 | N20: SIPA1L1, ECT2
A21: yes_final | B21: yes_apriori | C21: =IF(L21>0,"EC-side","eMPC-side") -> EC-side | D21: endothelial specification | E21: =VLOOKUP(F21,collapsed2!A:J,10,FALSE) -> main | F21: GOBP_ENDOTHELIUM_DEVELOPMENT | G21: Endothelium Development | H21: 1.6908121e-10 | I21: 9.2036539e-09 | J21: 0.8266573 | K21: 0.56574821 | L21: 2.3565492 | M21: 112 | N21: RHOB, KDR, TNFRSF1A, BMPR2, JAG1, LIPA, RAP1B, NRP1, FOXP1, FSTL1, ACVRL1, TIE1, FZD4, PLOD3, HEG1, BMP6, GPX1, RAB1B, COL18A1, GSTM3, EZR, CEACAM1, TMEM100, ICAM1, MYADM, MSN, STARD13, TJP2, ZDHHC21, HEY1, ZEB1, SOX18, HEY2, S1PR1, ADAMTS12, BTG1, ROBO4, DLL4, SOX17, RAPGEF2, MYD88, CDH5, MET, STC1, RAP1A, RHOA, RAB1A, ADD1, PDE4D, TJP1, NOTCH4, CCM2, VCL, EDF1, RAPGEF3, F11R, HPSE, NOTCH1, EDN1, ID1, PPP1R16B, PRKD2, NR2F2, NAGLU, RDX, CLDN5, FOXC2, KDM6B, APOLD1, RAPGEF1
A22: yes_final | B22: =VLOOKUP(F22,decisions2!A:B,2,FALSE) -> no_redundant | C22: =IF(L22>0,"EC-side","eMPC-side") -> EC-side | D22: wound healing and tissue repair | E22: =VLOOKUP(F22,collapsed2!A:J,10,FALSE) -> main | F22: GOBP_WOUND_HEALING | G22: Wound Healing | H22: 3.577495e-16 | I22: 5.0800429e-14 | J22: 1.0376962 | K22: 0.49684033 | L22: 2.34947 | M22: 286 | N22: THBS1, F2R, TGFB1, AHNAK, CSRP1, RHOC, ITGB1, ANXA2, ANXA1, CDKN1A, CD151, ELK3, MYOF, ITGA5, TFPI, KDR, IL6ST, TLN1, C6orf89, HSPB1, TSPAN9, CD59, CD9, FZD6, RASA3, MCAM, ACVRL1, CD44, DGKA, PLEC, GATA2, MYL12A, SH2B3, ENG, SMPD1, MYH9, TBXA2R, PIK3CG, GPX1, PIK3CA, CD40, CADM4, PEAR1, DGKH, PLAUR, COL3A1, AXL, CD109, VWF, PROS1, TIMP1, CEACAM1, P2RY1, SYTL4, MACF1, B4GALT1, SYT11, ITGA2, PRKCE, ANXA5, PROCR, CORO1B, CASP7, PTEN, SMAD3, HBEGF, PPARA, ITGAV, FN1, MERTK, CHMP6, TPM1, PPP3CA, PLAU, PDGFB, DST, PPARG, GPR4, PRRG1, HMOX1, FERMT2, F2RL2, ITPR3, GNA12, THBD, DGKZ, NFE2L2, IL6R, PRCP, PDGFA, CHMP2A, ANGPTL4, S100A10, RHOA, FKBP10, MYLK, TLR4, NOS3, OCLN, SLC7A11, FGF2, DTNBP1, TNFRSF12A, STXBP1, MAPK14, CHMP1B, SERPING1, SELP, GGCX, CHMP4B, ACTN1, VCL, EXT1, PLSCR1, MMRN1, CHMP1A, C1GALT1C1, F11R, ADAM17, HPSE, CRK, PRKCA, BLOC1S3, EDN1, PLCG2, DGKE, DAG1, HPS5, RAB27A, STXBP3, ADGRG1, PAFAH2, ST3GAL4, EMILIN2, VPS4B, EMILIN1, VAV3, FOXC2, SERPINE1, ANGPT2
A23: no_biology | B23: =VLOOKUP(F23,decisions2!A:B,2,FALSE) -> no_biology | C23: =IF(L23>0,"EC-side","eMPC-side") -> EC-side | D23: other | E23: =VLOOKUP(F23,collapsed2!A:J,10,FALSE) -> main | F23: GOBP_VACUOLE_ORGANIZATION | G23: Vacuole Organization | H23: 7.86384e-14 | I23: 8.5611005e-12 | J23: 0.95454163 | K23: 0.5082732 | L23: 2.3258614 | M23: 211 | N23: ANXA2, RALB, ATP6AP1, LIPA, LAMP2, WIPI1, SCARB2, MBTPS1, TFE3, ABCA1, HEXB, TCIRG1, TPP1, TMEM165, FEZ2, WDR45, STX12, RAB1B, PIK3C2B, GRN, MAP1LC3A, BAG3, TP53INP1, GNPTAB, LYST, SH3GLB1, PIP4K2A, LAMP1, CTSD, AKTIP, RAB7A, FEZ1, CLN5, TP53INP2, SRPX, CHMP6, OSBPL10, AP5Z1, TMEM63A, SNAPIN, ATP6AP2, GABARAPL1, VPS11, RAB14, VPS35, PACS2, VIPAS39, MTM1, BECN1, CHMP2A, ATP6V1A, TFEB, SNX18, ATG4A, PSEN1, SNX7, RAB1A, SLC7A11, RAB5A, PIK3C3, PI4KB, HEXA, GUSB, CHMP1B, ATG7, HID1, LAMTOR1, VMP1, CHMP4B, TMEM175, PINK1, ATP6V1F, EXT1, SNX4, CHMP1A, HPS1, GABARAP, ATG16L2, AP5S1, VPS16, MFSD8, GABARAPL2, ATP6V1H, NAGLU, TREX1, VPS39, TMEM106B, RAB43, ACP2, TBC1D12, SNX30, VPS4B, ATP6V0A1, NAGPA, FIG4, ARSG
F24: GOBP_ACTIVIN_RECEPTOR_SIGNALING_PATHWAY | G24: Activin Receptor Signaling Pathway | H24: 0.45193929 | I24: 0.57144163 | J24: 0.075501529 | K24: 0.31132358 | L24: 1.0017532 | M24: 30 | N24: TGFBR2, BMPR2, ACVRL1, FKBP1A, SMAD6, SMAD3
A25: no_redundant_auto | B25: =VLOOKUP(F25,decisions2!A:B,2,FALSE) -> no_redundant | C25: =IF(L25>0,"EC-side","eMPC-side") -> EC-side | D25: angiogenesis / vasculogenesis | E25: =VLOOKUP(F25,collapsed2!A:J,10,FALSE) -> redundant | F25: GOBP_REGULATION_OF_VASCULATURE_DEVELOPMENT | G25: Regulation Of Vasculature Development | H25: 6.4779006e-13 | I25: 6.4111585e-11 | J25: 0.921426 | K25: 0.50551532 | L25: 2.3097648 | M25: 206 | N25: THBS1, COL4A2, TGFB1, VASH1, FLT1, PLXND1, ITGB1, RHOB, JAK1, TSPAN18, ERAP1, ADAMTS9, EFNA1, ITGA5, SPARC, TGFBR2, KDR, GADD45A, HSPB1, STAT3, RRAS, NRP1, ACVRL1, TIE1, HSPG2, ETS1, SEMA5A, PLK2, TGM2, SHC1, GATA2, TEK, ADAM10, ENG, TBXA2R, PIK3CG, RELA, CD40, SP100, GRN, CEACAM1, SASH1, FOXO4, ATP2B4, RUNX1, ADGRG6, STARD13, PTPRM, NPR1, RECK, RAMP2, FYN, TNFSF12, MYDGF, ADGRA2, BTG1, VEGFC, EPN2, PPARG, GPR4, EGLN1, HMOX1, HIPK2, STAB1, NFE2L2, SULF1, CREB3L1, STIM1, BMPER, SPHK1, CDH5, ANGPTL4, HHEX, NOS3, ADM, FGF2, TNFRSF12A, QKI, PML, NINJ1, TJP1, CCM2, MECP2, ECM1, RAPGEF3, HPSE, PRKCA, ID1, PPP1R16B, PRKD2, KLF2, PIK3CD, CLDN5, ECSCR, EMILIN2, EMILIN1, FOXC2, SERPINE1, ANGPT2
A26: yes_final | B26: =VLOOKUP(F26,decisions2!A:B,2,FALSE) -> no_redundant | C26: =IF(L26>0,"EC-side","eMPC-side") -> EC-side | D26: hemostasis / coagulation | E26: =VLOOKUP(F26,collapsed2!A:J,10,FALSE) -> main | F26: GOBP_REGULATION_OF_BODY_FLUID_LEVELS | G26: Regulation Of Body Fluid Levels | H26: 1.9851436e-13 | I26: 2.0914449e-11 | J26: 0.94363223 | K26: 0.4951044 | L26: 2.2910062 | M26: 236 | N26: THBS1, F2R, CSRP1, ANXA2, TSPAN18, PRKAR1A, TFPI, IL6ST, TLN1, HSPB1, TSPAN9, CD59, CD9, FZD6, RASA3, CYBA, ZBTB7B, DGKA, HEG1, MYL12A, SH2B3, VAMP3, MYH9, TBXA2R, PIK3CG, PRKAR2B, ADCY6, PIK3CA, EXT2, CD40, GNAI2, PEAR1, DGKH, VAMP2, PLAUR, COL3A1, ADA, AXL, ADCY9, VWF, PROS1, AFAP1, CEACAM1, P2RY1, INPP5K, ITGA2, PRKCE, ANXA5, PROCR, FOSL2, PPARA, NPR1, FN1, MERTK, PPP3CA, PLAU, PDGFB, COPA, PRRG1, PRKACA, F2RL2, ITPR3, NR1H2, GNA12, SLC29A1, THBD, DGKZ, NFE2L2, IL6R, PRKAR2A, PDGFA, ANGPTL4, ADCY7, TRAF3IP2, TLR4, ATP7B, NOS3, ADM, NPR3, HYAL2, SLC7A11, DTNBP1, STXBP1, MAPK14, SERPING1, SELP, GGCX, AKAP11, ACTN1, VCL, EXT1, PLSCR1, MMRN1, C1GALT1C1, F11R, FLI1, HPSE, PRKCA, BLOC1S3, EDN1, PLCG2, DGKE, ADCY4, HPS5, RAB27A, STXBP3, SOCS2, ADGRG1, PAFAH2, ST3GAL4, EMILIN2, EMILIN1, VAV3, SERPINE1, ANGPT2, ACTB, CAV1, NR1H3, FIBP
F27: GOBP_ACYLGLYCEROL_HOMEOSTASIS | G27: Acylglycerol Homeostasis | H27: 0.26506024 | I27: 0.39619531 | J27: 0.13010563 | K27: -0.3751899 | L27: -1.1559154 | M27: 21 | N27: APOE, SCARB1, APOC1, SIRT1, FUNDC2, SLC25A27, RORA, OSBPL11
F28: GOBP_ACYL_COA_BIOSYNTHETIC_PROCESS | G28: Acyl Coa Biosynthetic Process | H28: 0.036574704 | I28: 0.091675353 | J28: 0.32177592 | K28: -0.37163435 | L28: -1.4272276 | M28: 46 | N28: PDK1, FASN, ELOVL6, PPT1, ACLY, ELOVL7, HACD2, HACD1, GCDH, ACSL4, ACSL1, PDHX, DLAT, HSD17B12
A29: no_redundant_manual | B29: =VLOOKUP(F29,decisions2!A:B,2,FALSE) -> no_redundant | C29: =IF(L29>0,"EC-side","eMPC-side") -> EC-side | D29: wound healing and tissue repair | E29: =VLOOKUP(F29,collapsed2!A:J,10,FALSE) -> main | F29: GOBP_RESPONSE_TO_WOUNDING | G29: Response To Wounding | H29: 8.6669966e-18 | I29: 1.5725784e-15 | J29: 1.0864405 | K29: 0.46822156 | L29: 2.2707213 | M29: 374 | N29: THBS1, F2R, TGFB1, VASH1, AHNAK, CSRP1, RHOC, ITGB1, ANXA2, COMT, ANXA1, CDKN1A, LAMB2, CD151, ELK3, SULF2, MYOF, ITGA5, TFPI, KDR, IL6ST, TLN1, JUN, C6orf89, HSPB1, TSPO, STAT3, TSPAN9, CD59, NRP1, CD9, FZD6, RASA3, NR3C1, MCAM, ACVRL1, CD44, DGKA, PLEC, GATA2, MYL12A, SH2B3, ENG, SMPD1, MYH9, TBXA2R, PIK3CG, GPX1, PIK3CA, CD40, CADM4, PEAR1, DGKH, PLAUR, COL3A1, GRN, AXL, CD109, VWF, PROS1, TIMP1, CEACAM1, P2RY1, SYTL4, MACF1, B4GALT1, SYT11, RTCA, BAX, ITGA2, PRKCE, ANXA5, PROCR, CORO1B, CASP7, PTEN, SMAD3, HBEGF, PPARA, ITGAV, FN1, MERTK, CHMP6, NFIB, CTNNA1, TPM1, PPP3CA, ARF4, PLAU, PDGFB, DST, PPARG, GPR4, PRRG1, FOSL1, HMOX1, FERMT2, F2RL2, ITPR3, GNA12, THBD, DGKZ, NFE2L2, IL6R, PRCP, PDGFA, CHMP2A, ANGPTL4, S100A10, RHOA, FKBP10, NMNAT1, MYLK, TLR4, NFKBIZ, NOS3, OCLN, SLC7A11, INHBB, FGF2, DTNBP1, TNFRSF12A, STXBP1, MAPK14, CHMP1B, SERPING1, SELP, GGCX, CHMP4B, ACTN1, VCL, EXT1, PLSCR1, MMRN1, CHMP1A, C1GALT1C1, F11R, ADAM17, HPSE, CRK, PRKCA, BLOC1S3, EDN1, MATN2, PLCG2, DGKE, EXTL3, DAG1, MTR, IL1RL1, SARM1, NAGLU, ABHD2, HPS5, RAB27A, STXBP3, ADGRG1, PAFAH2, ST3GAL4, INPP5F, ZFP36, EMILIN2, VPS4B, EMILIN1, VAV3, FOXC2, IL33, SERPINE1, MAP1B, ANGPT2
A30: no_redundant_auto | B30: =VLOOKUP(F30,decisions2!A:B,2,FALSE) -> no_redundant | C30: =IF(L30>0,"EC-side","eMPC-side") -> EC-side | D30: angiogenesis / vasculogenesis | E30: =VLOOKUP(F30,collapsed2!A:J,10,FALSE) -> redundant | F30: GOBP_BLOOD_VESSEL_ENDOTHELIAL_CELL_MIGRATION | G30: Blood Vessel Endothelial Cell Migration | H30: 9.0398123e-09 | I30: 3.1746266e-07 | J30: 0.74773966 | K30: 0.55832916 | L30: 2.2664039 | M30: 97 | N30: THBS1, TGFB1, VASH1, EFNB2, ITGB1, ANXA1, EFNA1, KDR, HDAC7, TMSB4X, GADD45A, HSPB1, NRP1, ACVRL1, ETS1, TGFBR3, PLK2, GATA2, EPHB4, MYH9, TBXA2R, GPX1, CD40, EHD4, ATP2B4, ITGB1BP1, STARD13, CARD10, SOX18, PDGFB, VEGFC, DLL4, PPARG, MMRN2, HMOX1, CIB1, NFE2L2, CLEC14A, PRCP, CDH5, RHOA, NOS3, FGF2, MAPK14, MECP2, MMRN1, MAP2K3, MEF2C, ADAM17, PRKCA, NOTCH1, ID1, PRKD2
A31: yes_final | B31: yes_apriori | C31: =IF(L31>0,"EC-side","eMPC-side") -> EC-side | D31: extracellular matrix organization / remodelling | E31: =VLOOKUP(F31,collapsed2!A:J,10,FALSE) -> main | F31: GOBP_COLLAGEN_METABOLIC_PROCESS | G31: Collagen Metabolic Process | H31: 5.7800471e-08 | I31: 1.613473e-06 | J31: 0.71951283 | K31: 0.59828781 | L31: 2.2644553 | M31: 66 | N31: FURIN, F2R, TGFB1, ITGB1, CTSB, PLOD1, VIM, TNS2, PLOD3, CST3, CTSL, MMP14, COL1A1, RCN3, ITGA2, ADAMTS2, ADAM15, FOSL2, RUNX1, P3H4, P3H1, ERRFI1, MMP15, VIPAS39, IL6R, MMP9, CREB3L1, RAP1A, CYGB
F32: GOBP_ADAPTIVE_THERMOGENESIS | G32: Adaptive Thermogenesis | H32: 0.57185629 | I32: 0.67352421 | J32: 0.058098358 | K32: 0.22591299 | L32: 0.94325829 | M32: 115 | N32: TRPV2, CLSTN3, LIPA, STAT6, ZBTB7B, TFE3, DECR1, LNPEP, THRA, ARRDC3, EPAS1, PWWP2B, PCTP, RB1, IL4R, NR1H2, PLCL1, IGF1R, IP6K1, TLR4, NOVA2, NPR3, QKI, LAMA4, PPARGC1A, ADAM17, ACOT11, NOTCH1, ID1, IL18R1, KDM3A, CEBPB, LEPR, FOXC2, KDM6B, DYNC1H1, CAV1, NR1H3, ADIPOR1
A33: no_redundant_auto | B33: =VLOOKUP(F33,decisions2!A:B,2,FALSE) -> no_redundant | C33: =IF(L33>0,"EC-side","eMPC-side") -> EC-side | D33: cell adhesion and cell-matrix interaction | E33: =VLOOKUP(F33,collapsed2!A:J,10,FALSE) -> redundant | F33: GOBP_CELL_MATRIX_ADHESION | G33: Cell Matrix Adhesion | H33: 6.1035448e-11 | I33: 3.9868355e-09 | J33: 0.83908894 | K33: 0.50629654 | L33: 2.2507733 | M33: 170 | N33: THBS1, ITGA3, ITGB1, ANXA2, ADAMTS9, ITGA5, TSPAN11, BCAM, KDR, TLN1, ITGA1, JAG1, NID1, RRAS, NRP1, CTTN, ADAM9, CD63, CSF1, ACVRL1, DAPK3, CDH13, CD44, EFEMP2, TEK, TAOK2, SGCE, JAM3, UTRN, MMP14, DUSP3, COL3A1, PPM1F, MACF1, ITGA2, ADAM15, ITGB1BP1, PTEN, MINK1, SMAD3, LIMS1, NID2, RSU1, PEAK1, ITGAV, BST1, FN1, PLAU, ADAMTS12, ARHGEF7, MAP4K4, CIB1, FERMT2, WHAMM, ITGA8, PIK3R1, ITGA4, RIN2, S100A10, RHOA, PTPRA, ACER2, CFL1, L1CAM, STON1, THBS3, ACTN1, VCL
F34: GOBP_ADENYLATE_CYCLASE_INHIBITING_G_PROTEIN_COUPLED_RECEPTOR_SIGNALING_PATHWAY | G34: Adenylate Cyclase Inhibiting G Protein Coupled Receptor Signaling Pathway | H34: 0.069651741 | I34: 0.14887604 | J34: 0.21925035 | K34: 0.41920341 | L34: 1.4004228 | M34: 33 | N34: PSAP, APP, PALM, ADCY6, GNAI2, P2RY1, ADGRG6, S1PR1, PRKACA
A35: no_redundant_auto | B35: =VLOOKUP(F35,decisions2!A:B,2,FALSE) -> no_redundant | C35: =IF(L35>0,"EC-side","eMPC-side") -> EC-side | D35: endothelial specification | E35: =VLOOKUP(F35,collapsed2!A:J,10,FALSE) -> redundant | F35: GOBP_ENDOTHELIAL_CELL_DIFFERENTIATION | G35: Endothelial Cell Differentiation | H35: 7.9790001e-09 | I35: 2.8954905e-07 | J35: 0.74773966 | K35: 0.55632142 | L35: 2.247259 | M35: 94 | N35: KDR, TNFRSF1A, BMPR2, JAG1, LIPA, RAP1B, NRP1, FSTL1, ACVRL1, TIE1, FZD4, PLOD3, HEG1, BMP6, GPX1, RAB1B, COL18A1, GSTM3, EZR, CEACAM1, TMEM100, ICAM1, MYADM, MSN, TJP2, ZDHHC21, HEY1, ZEB1, SOX18, HEY2, S1PR1, BTG1, ROBO4, SOX17, RAPGEF2, MYD88, CDH5, MET, STC1, RAP1A, RAB1A, ADD1, PDE4D, TJP1, NOTCH4, CCM2, VCL, EDF1, RAPGEF3, F11R, HPSE, NOTCH1, ID1, PPP1R16B, NR2F2, RDX, CLDN5, KDM6B, APOLD1, RAPGEF1
F36: GOBP_ADHERENS_JUNCTION_ORGANIZATION | G36: Adherens Junction Organization | H36: 0.13057851 | I36: 0.23985907 | J36: 0.1563124 | K36: 0.36570371 | L36: 1.2924175 | M36: 43 | N36: EFNB2, CDH13, MTSS1, PLEC, ADAM10, NUMB, BMP6, JAM3, RAMP2, CDC42, FERMT2, KIFC3, CDH5, PAK2, ADD1, PIP5K1C, TJP1, VCL, CDHR3
F37: GOBP_ADIPOSE_TISSUE_DEVELOPMENT | G37: Adipose Tissue Development | H37: 0.19543974 | I37: 0.3189936 | J37: 0.12384217 | K37: 0.31740575 | L37: 1.1856477 | M37: 60 | N37: LIPA, CSF1, TRPM4, ARRDC3, PIK3CA, LPL, PRKAA1, FOSL2, ERRFI1, DYRK1B, PPARG, SPTLC2, PPARGC1A, CUL4B, VPS13B, ABHD15, FTO, ACAT1, ARID5B
F38: GOBP_ADRENAL_GLAND_DEVELOPMENT | G38: Adrenal Gland Development | H38: 0.33609272 | I38: 0.46811249 | J38: 0.090542895 | K38: 0.39446294 | L38: 1.093219 | M38: 16 | N38: DKK3, TSPO, NR3C1, SMAD3
A39: no_redundant_auto | B39: =VLOOKUP(F39,decisions2!A:B,2,FALSE) -> no_biology | C39: =IF(L39>0,"EC-side","eMPC-side") -> EC-side | D39: other | E39: =VLOOKUP(F39,collapsed2!A:J,10,FALSE) -> redundant | F39: GOBP_LYTIC_VACUOLE_ORGANIZATION | G39: Lytic Vacuole Organization | H39: 4.2461575e-09 | I39: 1.6125524e-07 | J39: 0.7614608 | K39: 0.5496493 | L39: 2.2470184 | M39: 100 | N39: ATP6AP1, LIPA, LAMP2, SCARB2, MBTPS1, TFE3, ABCA1, HEXB, TCIRG1, TPP1, TMEM165, GRN, GNPTAB, LYST, LAMP1, AKTIP, RAB7A, CLN5, SRPX, CHMP6, OSBPL10, AP5Z1, TMEM63A, SNAPIN, ATP6AP2, RAB14, VPS35, VIPAS39, BECN1, CHMP2A, ATP6V1A, TFEB, SLC7A11, PI4KB, HEXA, GUSB, CHMP1B, LAMTOR1, CHMP4B, TMEM175, ATP6V1F, CHMP1A, HPS1, AP5S1, MFSD8, ATP6V1H, NAGLU, TREX1, TMEM106B, ACP2, ATP6V0A1, NAGPA, ARSG, MYO7A, VPS18, LAPTM4A, HOOK3, CREG1
F40: GOBP_ADULT_BEHAVIOR | G40: Adult Behavior | H40: 0.41194969 | I40: 0.53772363 | J40: 0.076674687 | K40: 0.25898643 | L40: 1.0265926 | M40: 85 | N40: APP, ATXN1, SNCG, SNCA, CNP, SHANK3, PTEN, WDR47, PPARA, NCSTN, BTBD9, UCHL1, CLCN3, HIPK2, CTNS, CSTB, BBS2, SLC7A11, FGF2, HEXA, TUBA1A, MECP2, PBX3, TMOD1, ARCN1, PCDH17, PREX2, NAGLU, OXR1, HTRA2, INPP5F
F41: GOBP_ADULT_LOCOMOTORY_BEHAVIOR | G41: Adult Locomotory Behavior | H41: 0.31395349 | I41: 0.44717492 | J41: 0.094664622 | K41: 0.30028481 | L41: 1.0919236 | M41: 51 | N41: APP, ATXN1, SNCG, SNCA, CNP, WDR47, BTBD9, UCHL1, CLCN3, HIPK2, CTNS, CSTB, HEXA, TUBA1A, MECP2, PBX3, TMOD1, ARCN1, PREX2, OXR1, HTRA2, INPP5F
F42: GOBP_AGGREPHAGY | G42: Aggrephagy | H42: 0.36589404 | I42: 0.49523827 | J42: 0.085784441 | K42: 0.3853244 | L42: 1.0678924 | M42: 16 | N42: SQSTM1, BAG3, HSPB8, ATG4A
F43: GOBP_ALCOHOL_BIOSYNTHETIC_PROCESS | G43: Alcohol Biosynthetic Process | H43: 0.33524355 | I43: 0.46770843 | J43: 0.12563992 | K43: -0.23628791 | L43: -1.0600975 | M43: 99 | N43: APOE, DHCR24, HMGCS1, QDPR, ABCG1, IMPA2, CYP51A1, PCK2, ACLY, HMGCR, DHFR, KPNB1, HSD17B7, IDI1, SREBF1, FDFT1, MVD, DHCR7, SCAP, LPCAT3, EBP, CLCN2, NSDHL, CACNA1H
F44: GOBP_ALCOHOL_CATABOLIC_PROCESS | G44: Alcohol Catabolic Process | H44: 0.20049505 | I44: 0.32400635 | J44: 0.15419097 | K44: -0.41194828 | L44: -1.230482 | M44: 19 | N44: APOE, SORD, SCARB1, ALDH1B1, GPD2
F45: GOBP_ALCOHOL_METABOLIC_PROCESS | G45: Alcohol Metabolic Process | H45: 0.48189415 | I45: 0.59725466 | J45: 0.062800398 | K45: 0.21847789 | L45: 0.99980849 | M45: 212 | N45: DAB2, DKK3, LIPA, ASAH1, NFE2L1, CYB5R3, MBTPS1, ABCA1, ITPKB, SMPD1, BMP6, APOL2, ACADVL, PRKAA1, SNCA, P2RY1, PNPLA2, CYP1A1, CAT, SCP2, NAAA, ERRFI1, SYNJ1, SNX17, SEC14L2, GALK1, SPTLC2, PMVK, CUBN, PRKACA, SULT1A1, FECH, SULT1C4, GDE1, SPR, SPHK1, NUDT4, IP6K1, LDLRAP1, ABCA5, CCDC3, NOS3, ISYNA1, ALDH2, STARD3, ACER2, QKI, DHDDS, ACSS1, OSBPL5, MECP2
F46: GOBP_ALDEHYDE_METABOLIC_PROCESS | G46: Aldehyde Metabolic Process | H46: 0.69932432 | I46: 0.77792685 | J46: 0.054343439 | K46: 0.24300955 | L46: 0.87202029 | M46: 48 | N46: DAB2, DKK3, HAGH, BMP6, ABCA4
F47: GOBP_ALPHA_AMINO_ACID_BIOSYNTHETIC_PROCESS | G47: Alpha Amino Acid Biosynthetic Process | H47: 0.02260663 | I47: 0.0630293 | J47: 0.35248786 | K47: -0.38528271 | L47: -1.4723971 | M47: 44 | N47: PSAT1, GLUL, CAD, SHMT1, CBS, MTHFD1, SEPHS1, ASS1, SHMT2, ASNS, MTAP, CPS1, PSPH, MTRR, PARK7, CTH
A48: no_redundant_auto | B48: =VLOOKUP(F48,decisions2!A:B,2,FALSE) -> no_redundant | C48: =IF(L48>0,"EC-side","eMPC-side") -> EC-side | D48: hemostasis / coagulation | E48: =VLOOKUP(F48,collapsed2!A:J,10,FALSE) -> redundant | F48: GOBP_PLATELET_ACTIVATION | G48: Platelet Activation | H48: 1.5740576e-08 | I48: 5.1928002e-07 | J48: 0.73376199 | K48: 0.54328208 | L48: 2.2194797 | M48: 99 | N48: F2R, CSRP1, IL6ST, TLN1, HSPB1, TSPAN9, CD9, FZD6, RASA3, DGKA, MYL12A, SH2B3, MYH9, PIK3CG, PIK3CA, CD40, PEAR1, DGKH, COL3A1, AXL, VWF, CEACAM1, P2RY1, MERTK, PDGFB, F2RL2, ITPR3, THBD, DGKZ, IL6R, PDGFA, TLR4, NOS3, SLC7A11, STXBP1, MAPK14, SELP, ACTN1, VCL, PLSCR1, MMRN1, C1GALT1C1, F11R, PRKCA, BLOC1S3, PLCG2, DGKE, STXBP3, ADGRG1, EMILIN2, EMILIN1, VAV3
A49: yes_final | B49: yes_apriori | C49: =IF(L49>0,"EC-side","eMPC-side") -> EC-side | D49: cell adhesion and cell-matrix interaction | E49: =VLOOKUP(F49,collapsed2!A:J,10,FALSE) -> main | F49: GOBP_CELL_SUBSTRATE_ADHESION | G49: Cell Substrate Adhesion | H49: 9.00327e-13 | I49: 8.6484353e-11 | J49: 0.921426 | K49: 0.47386342 | L49: 2.2171301 | M49: 260 | N49: THBS1, ITGA3, ITGB1, ANXA2, DAB2, PARVA, TGFB1I1, ADAMTS9, LAMB2, EFNA1, ITGA5, TSPAN11, BCAM, KDR, TLN1, ITGA1, JAG1, NID1, RRAS, NRP1, CTTN, ADAM9, CD63, CSF1, ACVRL1, DAPK3, CDH13, FZD4, CD44, EFEMP2, TEK, TAOK2, VAMP3, RAC2, SGCE, EDIL3, JAM3, UTRN, MMP14, DUSP3, COL3A1, COL1A1, AXL, VWF, PPM1F, SMAD6, MACF1, MYADM, ITGA2, PRKCE, ADAM15, ITGB1BP1, PTEN, LAMB1, MINK1, SMAD3, LAMC1, LIMS1, NID2, RSU1, PEAK1, ITGAV, BST1, FN1, MERTK, PXN, CDC42, P4HB, PLAU, PDGFB, ADAMTS12, LAMA5, ARHGEF7, DOCK1, MAP4K4, ACTN4, CIB1, SORBS3, GCNT2, FERMT2, WHAMM, ITGA8, PARVB, PIK3R1, ARPC2, ITGA4, RIN2, S100A10, RHOA, MICALL2, PTPRA, RAB1A, TNFRSF12A, ACER2, CFL1, TRIOBP, L1CAM, STON1, THBS3
A50: no_biology | B50: =VLOOKUP(F50,decisions2!A:B,2,FALSE) -> no_redundant | C50: =IF(L50>0,"EC-side","eMPC-side") -> EC-side | D50: other | E50: =VLOOKUP(F50,collapsed2!A:J,10,FALSE) -> main | F50: GOBP_ENDOCYTOSIS | G50: Endocytosis | H50: 8.094047e-19 | I50: 1.7623438e-16 | J50: 1.123915 | K50: 0.44561186 | L50: 2.2110557 | M50: 492 | N50: THBS1, TGFB1, B2M, EFNB2, MYO1C, ITGB1, ANXA2, DAB2, ANXA1, ANXA11, EHD3, EHD2, AP1S1, CD151, MYO6, CAPN2, RALB, LRP10, STAT3, LIPA, GSN, CD9, SLC48A1, DBNL, SCARB2, CTTN, CD63, RIN1, HSPG2, CYBA, APP, CLIP3, CDH13, MYO1E, FNBP1, GPR107, CD44, ABCA1, TGM2, RABEP2, SDCBP, GATA2, RAB22A, RAB5C, SNCG, PICALM, EHD1, NUMB, SMPD1, SYNJ2, MYH9, LMBRD1, PIK3CG, PIK3CA, CTSL, AP2S1, PEAR1, RIN3, VAMP2, AXL, HIP1R, ARRB1, EHD4, SNCA, EZR, CEACAM1, LYST, SH3GLB1, SH3KBP1, SYT11, CDC42SE1, CAP1, ANKRD13A, ITSN2, ATP8A1, ITGA2, DYSF, CBLB, PRKCE, MASP1, EEA1, RAB7A, SNX3, SRPX, ITGAV, PPP3CC, RAMP2, MERTK, FYN, ARPC3, CDC42, BICD1, NEDD4, PPP3CA, SYNJ1, SNX17, AAK1, MTMR6, EPS15L1, CSNK1G1, EPN2, NECAP2, DOCK1, CUBN, EPS15, SYT17, BTBD9, MAPK3, OPHN1, RAB14, MYD88, PRKACA, PLXNB2, CSNK1D, ATP9A, MYO5A, AP2M1, NR1H2, AP2A2, CLCN3, VPS28, PTX3, VIPAS39, ESYT2, CYTH2, STAB1, HEATR5B, EGF, SH3BP4, FCHSD2, CLTB, CD47, BECN1, ITGA4, SPHK1, RIN2, SNX18, RAP1A, FKBP15, DNAJC13, WASF2, LMBR1L, MYLK, TLR4, LDLRAP1, LRP6, ADM, AP2A1, BCL2L1, RAB1A, ABL2, DTNBP1, RAB5A, PIK3C3, PIP5K1C, PI4KB, MCTP1, CAV2, CD81, SGIP1, CD93, STON1, TNK2, SGSM3, TMEM175, REPS2, ICAM3, PLSCR1, SNX12, IGF2R, CALCRL, SNX9, NEURL1B, GRIA1, TUSC2, ITCH, ABCA2, HEATR5A, EEF2K, FCN3, PLCG2, MICALL1, ATP6V1H, TBC1D2B, TREX1, CCL2, RAB27A, LEPR, RABGAP1L, ARHGAP27, INPP5F, SORT1, VAV3, RUFY2, SERPINE1, PICK1, GAK, SH3GLB2, MAGI2, ZFYVE16, ACTB, CAV1, CLTA, RAB31, NR1H3, CALM3, CLTC, MYO7A, RALA, JOSD1, DGKQ, GAS7, RABEP1, CALR, ARF1, DNM2, LRSAM1, GAPVD1, RHOJ, WDR54, ACTG1, ARAP1, RHOU, CREG1
F51: GOBP_ALPHA_BETA_T_CELL_PROLIFERATION | G51: Alpha Beta T Cell Proliferation | H51: 0.075885329 | I51: 0.15897465 | J51: 0.21140019 | K51: 0.48874902 | L51: 1.4242432 | M51: 20 | N51: TGFBR2, ELF4, ZBTB7B, IRF1, CBLB, CD55, SH3RF1, CD81, ITCH, LGALS9, RIPK2, EBI3, SLC4A2, MYC
A52: yes_final | B52: yes_apriori | C52: =IF(L52>0,"EC-side","eMPC-side") -> EC-side | D52: immune / inflammatory response | E52: =VLOOKUP(F52,collapsed2!A:J,10,FALSE) -> main | F52: GOBP_INFLAMMATORY_RESPONSE | G52: Inflammatory Response | H52: 1.0451471e-18 | I52: 2.1334065e-16 | J52: 1.1146645 | K52: 0.44490847 | L52: 2.2072282 | M52: 491 | N52: FURIN, THBS1, F2R, TGFB1, ITGB1, UACA, LGALS1, TSPAN18, ANXA1, TNFRSF1B, PDCD4, NLRP1, PRKAR1A, PBXIP1, IL6ST, TNFRSF1A, NFKBIA, JUN, TMSB4X, STAT3, LIPA, AHR, IL17RA, NFE2L1, LAMP2, FOXP1, NR3C1, CSF1, MAPK13, ELF4, NFKB1, HSPG2, CARD8, CYBA, APP, CD44, ETS1, PLK2, TCIRG1, IFI16, TEK, C15orf39, IL17RC, VAMP3, SIRT2, NEK7, BMP6, TBXA2R, RPS6KA4, PIK3CG, GPX1, APOL2, NKIRAS2, GATA3, PRKAR2B, FAM114A1, RELA, CD40, JAM3, PJA2, VAMP2, SIGIRR, TICAM1, LPL, ADA, GRN, AXL, PRMT2, ZDHHC1, SNCA, NOD1, CPTP, NEAT1, TIMP1, SNX6, B4GALT1, CYLD, SYT11, LATS2, TMEM219, FBXL2, OSMR, SOCS3, FOSL2, CASP7, CHST2, SMAD3, NDFIP1, PPARA, KIT, ABHD17A, RB1, TRIM21, BST1, FN1, FYN, ZNF580, PXK, MARK4, ADAMTS12, ATRN, CASP6, PLD3, NRROS, ADGRE5, PPARG, GPR4, IFI35, NT5E, TRADD, PARP4, SNAP23, FOSL1, HMOX1, MAPK3, MYD88, IL4R, ASH1L, NR1H2, IFNGR1, TNIP1, RICTOR, VPS35, PTX3, IL10RB, IRAK4, GBP2, STAB1, NFE2L2, RIPK1, IL6R, PRKAR2A, PRCP, LACC1, MMP9, CD47, PNMA1, SPHK1, CDH5, CXCL1, FCHSD1, NMI, CUEDC2, RELB, NR5A2, ADCY7, PSEN1, TRAF3IP2, TLR4, TOLLIP, NFKBIZ, CYP26B1, ADM, CASP8, HYAL2, SHARPIN, MAPK14, CD81, GUSB, BCL6B, SELP, NINJ1, ECM1, EXT1, PLSCR1, SNX4, MAP2K3, EIF2AK2, CHID1, IL17RE, F11R, TNIP2, ADAM17, IRAK2, BCL6, IL16, IL1R1, KCNK6, HPSE, TUSC2, NOTCH1, ITCH, IL17D, TACR1, PLCG2, LXN, IL18R1, ADORA2B, EXTL3, CTNNBIP1, MKRN2, PIK3CD, IL1RL1, NAGLU, TREX1, CCL2, CEBPB, ZEB2, USP18, ZFP36, NPY5R, LGALS9, PRDX5, IL33, SERPINE1, KDM6B, APOL3, CSNK1A1, FAM210B, MAVS
A53: no_redundant_auto | B53: =VLOOKUP(F53,decisions2!A:B,2,FALSE) -> no_redundant | C53: =IF(L53>0,"EC-side","eMPC-side") -> EC-side | D53: angiogenesis / vasculogenesis | E53: =VLOOKUP(F53,collapsed2!A:J,10,FALSE) -> redundant | F53: GOBP_REGULATION_OF_CELL_MIGRATION_INVOLVED_IN_SPROUTING_ANGIOGENESIS | G53: Regulation Of Cell Migration Involved In Sprouting Angiogenesis | H53: 5.5445855e-06 | I53: 8.2311892e-05 | J53: 0.61052688 | K53: 0.66831553 | L53: 2.1978062 | M53: 32 | N53: THBS1, ANXA1, KDR, HDAC7, NRP1, TGFBR3, PLK2, GATA2, TBXA2R, ITGB1BP1, STARD13, CARD10, DLL4, MMRN2, HMOX1, CIB1, RHOA, FGF2
F54: GOBP_AMIDE_BIOSYNTHETIC_PROCESS | G54: Amide Biosynthetic Process | H54: 0.46461538 | I54: 0.58139228 | J54: 0.10839426 | K54: -0.21585 | L54: -1.01001 | M54: 124 | N54: PDK1, FASN, ELOVL6, ARG2, PANK1, NANP, PPT1, ACLY, ST8SIA3, ASS1, ASNS, CERS4, UGT8, ELOVL7, HACD2, CPS1, ST8SIA2, HACD1, SMPD4, SLC25A15, GCDH, ACSL4, ACSL1, PDHX, PANK3, DLAT, HSD17B12, CERS6, PRKCD
F55: GOBP_AMIDE_METABOLIC_PROCESS | G55: Amide Metabolic Process | H55: 0.12433155 | I55: 0.23109132 | J55: 0.14290115 | K55: 0.24443684 | L55: 1.1651243 | M55: 318 | N55: FURIN, ECE1, EFNA1, ELOVL1, NAGK, ASAH1, NFE2L1, HAGH, SCARB2, ST6GALNAC6, HEXB, ADAM10, GSTK1, PICALM, SMPD1, PAM, GPX1, FAR2, RELA, CTSL, XPNPEP1, ST3GAL5, ST6GALNAC4, PRKAA1, GSTM3, ST3GAL2, SNCA, ARL6IP5, CROT, PLA2G15, GALC, ANPEP, SGMS1, YIPF5, APH1A, DEGS1, VAPA, NAAA, GSTO1, P4HB, ACE, ACOT9, APH1B, GLB1, ATP6AP2, SPTLC2, PMVK, NCSTN, GSTM2, IFNGR1, PDK4, PRNP, NFE2L2, RENBP, PRCP, BECN1, SPHK1, GSS, CTNS, ETHE1, PSEN1, AMDHD2, SLC7A11, ERO1B, ACER2, DIP2A, CHAC1, ACOT8, ST3GAL1, HEXA, HID1, ACSS1, SMPDL3A
F56: GOBP_AMIDE_TRANSPORT | G56: Amide Transport | H56: 0.40719424 | I56: 0.53429343 | J56: 0.072714108 | K56: 0.22991939 | L56: 1.0271078 | M56: 177 | N56: IL6ST, PSAP, RAP1B, MFSD1, CPT1A, TRPM4, ABCA1, TCIRG1, CAMK2G, EXOC3L1, TCF7L2, FOXO1, CPTP, STX4, SYTL4, PRKCE, PHPT1, PFKL, PIM3, FAM3A, VAPA, RAB11FIP5, TM7SF3, BAD, SNAPIN, ABCG2, SLC8B1, SLC27A1
F57: GOBP_AMINE_BIOSYNTHETIC_PROCESS | G57: Amine Biosynthetic Process | H57: 0.31270903 | I57: 0.44598589 | J57: 0.095287985 | K57: 0.36676441 | L57: 1.1224967 | M57: 24 | N57: SAT1, OAZ2, GATA3, SNCA, ATP7A, VPS35, SAT2, ALDH2, KL, GPR37, PAOX
A58: no_redundant_auto | B58: =VLOOKUP(F58,decisions2!A:B,2,FALSE) -> no_redundant | C58: =IF(L58>0,"EC-side","eMPC-side") -> EC-side | D58: extracellular matrix organization / remodelling | E58: =VLOOKUP(F58,collapsed2!A:J,10,FALSE) -> redundant | F58: GOBP_COLLAGEN_BIOSYNTHETIC_PROCESS | G58: Collagen Biosynthetic Process | H58: 6.3479168e-06 | I58: 9.214354e-05 | J58: 0.61052688 | K58: 0.64944212 | L58: 2.1921496 | M58: 34 | N58: F2R, TGFB1, PLOD1, VIM, PLOD3, COL1A1, RCN3, ITGA2, FOSL2, RUNX1, P3H4, ERRFI1, IL6R, CREB3L1, RAP1A, CYGB, P3H3, NOTCH1, PLOD2, EMILIN1, PRDX5, SERPINH1
F59: GOBP_AMINE_TRANSPORT | G59: Amine Transport | H59: 0.14381271 | I59: 0.25736565 | J59: 0.14920754 | K59: 0.37886942 | L59: 1.277755 | M59: 35 | N59: ITGB1, SLC44A2, SNCG, SLC44A1, SNCA, P2RY1, ARL6IP5, SYT11, PSEN1, DTNBP1, STXBP1, PINK1, SLC38A2
F60: GOBP_AMINOGLYCAN_BIOSYNTHETIC_PROCESS | G60: Aminoglycan Biosynthetic Process | H60: 0.02030927 | I60: 0.058543755 | J60: 0.35248786 | K60: 0.50296547 | L60: 1.6184037 | M60: 30 | N60: TGFB1, NFKB1, EXT2, PDGFB, GCNT2, B4GALT7, EGF, B4GAT1, B3GALT6, UXS1, AP2A1, HEXA, EXT1, XYLT2
A61: no_redundant_auto | B61: =VLOOKUP(F61,decisions2!A:B,2,FALSE) -> no_redundant | C61: =IF(L61>0,"EC-side","eMPC-side") -> EC-side | D61: immune / inflammatory response | E61: =VLOOKUP(F61,collapsed2!A:J,10,FALSE) -> redundant | F61: GOBP_POSITIVE_REGULATION_OF_INFLAMMATORY_RESPONSE | G61: Positive Regulation Of Inflammatory Response | H61: 2.5548527e-07 | I61: 5.7545854e-06 | J61: 0.67496286 | K61: 0.5537942 | L61: 2.1729503 | M61: 79 | N61: TGFB1, LGALS1, PDCD4, NLRP1, IL6ST, TNFRSF1A, NFKBIA, STAT3, IL17RA, MAPK13, CARD8, APP, ETS1, LPL, GRN, SNCA, NEAT1, OSMR, GPR4, IFI35, TRADD, MAPK3, TNIP1, GBP2, RIPK1, CD47, NMI, TLR4, NFKBIZ, HYAL2, CD81, NINJ1, SNX4, IL16, IL1R1, PLCG2, ADORA2B, IL1RL1, CEBPB, NPY5R, IL33, SERPINE1, C2CD4B, GNA14
A62: no_redundant_auto | B62: =VLOOKUP(F62,decisions2!A:B,2,FALSE) -> no_redundant | C62: =IF(L62>0,"EC-side","eMPC-side") -> EC-side | D62: angiogenesis / vasculogenesis | E62: =VLOOKUP(F62,collapsed2!A:J,10,FALSE) -> redundant | F62: GOBP_POSITIVE_REGULATION_OF_BLOOD_VESSEL_ENDOTHELIAL_CELL_MIGRATION | G62: Positive Regulation Of Blood Vessel Endothelial Cell Migration | H62: 1.5191241e-06 | I62: 2.8302268e-05 | J62: 0.64355184 | K62: 0.60450897 | L62: 2.169232 | M62: 48 | N62: THBS1, TGFB1, ANXA1, KDR, HDAC7, TMSB4X, HSPB1, NRP1, ETS1, TGFBR3, PLK2, GATA2, CD40, PDGFB, VEGFC, HMOX1, CIB1, NFE2L2, NOS3, FGF2, MAPK14, MAP2K3, ADAM17, PRKCA, PRKD2
F63: GOBP_AMINO_ACID_ACTIVATION | G63: Amino Acid Activation | H63: 0.02070641 | I63: 0.059478571 | J63: 0.35248786 | K63: -0.46105831 | L63: -1.5188029 | M63: 27 | N63: NARS2, EARS2, FARSB, AIMP2, LARS2, EEF1E1, DARS2, MARS2, TARS2, AARS2, QRSL1, YARS2, AASDH
F64: GOBP_AMINO_ACID_BIOSYNTHETIC_PROCESS | G64: Amino Acid Biosynthetic Process | H64: 0.020010154 | I64: 0.057834659 | J64: 0.35248786 | K64: -0.38832489 | L64: -1.5319764 | M64: 51 | N64: PSAT1, SLC38A1, GLUL, CAD, SHMT1, CBS, MTHFD1, GAD1, SEPHS1, ASS1, SHMT2, ASNS, MTAP, CPS1, PSPH, MTRR, PARK7, CTH
F65: GOBP_AMINO_ACID_CATABOLIC_PROCESS | G65: Amino Acid Catabolic Process | H65: 0.052381427 | I65: 0.12022329 | J65: 0.32177592 | K65: -0.33315489 | L65: -1.3923821 | M65: 69 | N65: DDAH1, GLUL, GPT2, QDPR, SHMT1, CBS, AADAT, AASS, GAD1, GCSH, BLMH, CDO1, GCDH, MTRR, AMT, ALDH7A1, GLDC
F66: GOBP_AMINO_ACID_IMPORT_ACROSS_PLASMA_MEMBRANE | G66: Amino Acid Import Across Plasma Membrane | H66: 0.025422343 | I66: 0.06924885 | J66: 0.35248786 | K66: -0.42328112 | L66: -1.470094 | M66: 32 | N66: SLC16A2, SLC38A1, SLC7A1, SLC7A8, SLC7A5, SLC1A5, SLC7A3, SLC38A5, SLC36A1, SLC3A2, SLC6A9, SLC1A6, PER2, ATP1A2, SLC7A6, SLC43A1
A67: yes_final | B67: =VLOOKUP(F67,decisions2!A:B,2,FALSE) -> no_redundant | C67: =IF(L67>0,"EC-side","eMPC-side") -> EC-side | D67: immune / inflammatory response | E67: =VLOOKUP(F67,collapsed2!A:J,10,FALSE) -> main | F67: GOBP_NEGATIVE_REGULATION_OF_IMMUNE_RESPONSE | G67: Negative Regulation Of Immune Response | H67: 2.5595111e-08 | I67: 7.7401511e-07 | J67: 0.73376199 | K67: 0.5090079 | L67: 2.1657318 | M67: 129 | N67: FURIN, TGFB1, LGALS1, ANXA1, PRKAR1A, IL6ST, CD59, AHR, HLA-B, PARP14, STAT6, ZBTB7B, CD46, PLK2, IFI16, GPX1, PRKAR2B, COL3A1, GRN, CEACAM1, JAK3, SAMHD1, IL27RA, MASP1, FAM3A, NDFIP1, MICA, USP38, TRIM21, FYN, A2M, CD55, INPP5D, PPARG, HLX, MAPK3, PVR, NR1H2, PRKAR2A, STAT2, NMI, SERPINB9, NLRC5, MAPK14, IRAK3, SERPING1, BCL6, ISG15, CRK, MKRN2, IL1RL1, TREX1, USP15, USP18, NPY5R, LGALS9, IL33
F68: GOBP_AMINO_ACID_TRANSMEMBRANE_TRANSPORT | G68: Amino Acid Transmembrane Transport | H68: 0.044561648 | I68: 0.10688825 | J68: 0.32177592 | K68: -0.34574084 | L68: -1.4120931 | M68: 60 | N68: SLC16A2, SLC38A1, SLC7A1, SLC7A8, SLC7A5, SLC1A5, SLC25A22, SLC25A13, UCP2, SLC7A3, SLC38A5, SLC36A1, SLC3A2, SLC25A15, SLC6A15, SLC6A9, SLC1A6, PER2, ATP1A2, SLC7A6, SFXN2, SLC43A1, SLC16A10, SLC25A38, SLC25A26, SFXN1, SLC6A6
F69: GOBP_AMINO_ACID_TRANSPORT | G69: Amino Acid Transport | H69: 0.35774648 | I69: 0.48784969 | J69: 0.11988785 | K69: -0.23901475 | L69: -1.0529383 | M69: 88 | N69: SLC16A2, SLC38A1, SLC7A1, SLC7A8, SLC7A5, SLC1A5, PDPN, SLC25A22, SLC6A8, SLC25A13, UCP2, SLC7A3, SLC38A5, SLC36A1, SLC3A2, SLC25A15, SLC6A15, SLC6A9, SLC1A6, PER2, ATP1A2, SLC7A6, SFXN2, SLC43A1, SLC16A10, SLC25A38, SLC25A26
F70: GOBP_AMINO_SUGAR_METABOLIC_PROCESS | G70: Amino Sugar Metabolic Process | H70: 0.22073579 | I70: 0.34643108 | J70: 0.11724972 | K70: 0.3696424 | L70: 1.200319 | M70: 31 | N70: NAGK, HEXB, UAP1L1, CHST2, RENBP, CTBS, AMDHD2, ST3GAL1, FN3K, CHST7, GNPDA2, CSGALNACT1
A71: no_redundant_manual | B71: =VLOOKUP(F71,decisions2!A:B,2,FALSE) -> no_redundant | C71: =IF(L71>0,"EC-side","eMPC-side") -> EC-side | D71: immune / inflammatory response | E71: =VLOOKUP(F71,collapsed2!A:J,10,FALSE) -> main | F71: GOBP_MYELOID_LEUKOCYTE_ACTIVATION | G71: Myeloid Leukocyte Activation | H71: 2.1232929e-08 | I71: 6.6044519e-07 | J71: 0.73376199 | K71: 0.50551191 | L71: 2.1623698 | M71: 134 | N71: THBS1, TGFB1, ANXA1, TGFBR2, LTBR, JUN, FOXP1, ADAM9, CSF1, APP, GATA2, FES, ADAM10, VAMP3, PIK3CG, RAC2, CRTC3, PJA2, VAMP2, TICAM1, GRN, SNCA, STX4, SNX6, SYT11, DYSF, PRKCE, GAB2, KIT, FN1, NDRG1, IFI35, SNAP23, MYD88, IL4R, TMEM106A, IFNGR1, PTPRE, SPHK1, NMI, CARD6, RELB, PSEN1, TRAF3IP2, TLR4, NFKBIZ, HYAL2, STXBP1, JUND, ADGRF5, CD93, GPR137B, PLSCR1, SNX4, TNIP2, IL16, IL1R1, PLCG2, LCP2, ADORA2B, PIK3CD, IL1RL1, NAGLU, TREX1, STXBP3, LGALS9, IL33
F72: GOBP_AMYLOID_BETA_CLEARANCE | G72: Amyloid Beta Clearance | H72: 0.27735369 | I72: 0.40951047 | J72: 0.13077714 | K72: -0.34043459 | L72: -1.1282765 | M72: 28 | N72: APOE, CYP51A1, HMGCR, LRP4, PLA2G3, SRF, INSR
F73: GOBP_AMYLOID_BETA_FORMATION | G73: Amyloid Beta Formation | H73: 0.55462185 | I73: 0.6590303 | J73: 0.065087757 | K73: 0.27751971 | L73: 0.93952452 | M73: 36 | N73: EFNA1, PICALM, RELA, APH1A, APH1B, NCSTN, IFNGR1, PRNP, PSEN1, ABCA2, SLC2A13, GSAP, PIN1, RTN4, PSENEN, RTN3, PSEN2
F74: GOBP_AMYLOID_BETA_METABOLIC_PROCESS | G74: Amyloid Beta Metabolic Process | H74: 0.72297297 | I74: 0.79663621 | J74: 0.052805005 | K74: 0.23685889 | L74: 0.84905612 | M74: 47 | N74: EFNA1, PICALM, RELA, APH1A, ACE, APH1B, NCSTN, IFNGR1, PRNP, BECN1, PSEN1, ABCA2, SLC2A13, GSAP, PIN1, RTN4, PSENEN, RTN3, PSEN2, BACE2
F75: GOBP_AMYLOID_FIBRIL_FORMATION | G75: Amyloid Fibril Formation | H75: 0.028390672 | I75: 0.075009983 | J75: 0.35248786 | K75: 0.48533913 | L75: 1.5564276 | M75: 28 | N75: FURIN, B2M, GSN, HSPG2, APP, SNCA, FKBP1A
F76: GOBP_AMYLOID_PRECURSOR_PROTEIN_CATABOLIC_PROCESS | G76: Amyloid Precursor Protein Catabolic Process | H76: 0.15709459 | I76: 0.27378386 | J76: 0.14290115 | K76: 0.34655112 | L76: 1.2435709 | M76: 48 | N76: EFNA1, ADAM9, APP, ADAM10, PICALM, ADAM19, RELA, FKBP1A, APH1A, APH1B, NCSTN, IFNGR1, PRNP, FLOT2, PSEN1, ADAM17, ABCA2, SLC2A13, GSAP
F77: GOBP_AMYLOID_PRECURSOR_PROTEIN_METABOLIC_PROCESS | G77: Amyloid Precursor Protein Metabolic Process | H77: 0.18312102 | I77: 0.30374467 | J77: 0.12687573 | K77: 0.31856794 | L77: 1.2017029 | M77: 64 | N77: ITM2B, EFNA1, ADAM9, APP, ADAM10, PICALM, ADAM19, RELA, FKBP1A, APH1A, APH1B, NCSTN, IFNGR1, PRNP, FLOT2, PSEN1, LDLRAP1, ADAM17, ABCA2, SLC2A13, GSAP, NAGLU
F78: GOBP_ANAPHASE_PROMOTING_COMPLEX_DEPENDENT_CATABOLIC_PROCESS | G78: Anaphase Promoting Complex Dependent Catabolic Process | H78: 0.42615012 | I78: 0.54860319 | J78: 0.098890301 | K78: -0.31632443 | L78: -1.0120435 | M78: 23 | N78: ANAPC1, ANAPC15, FBXO31, PLK1, UBE2S, UBE2C, CDK2, CDC20, CDC26, ANAPC7, CDC23, CUL3
F79: GOBP_ANATOMICAL_STRUCTURE_MATURATION | G79: Anatomical Structure Maturation | H79: 0.30202312 | I79: 0.43588489 | J79: 0.088894529 | K79: 0.25007555 | L79: 1.0895965 | M79: 150 | N79: TGFB1, KDR, RPS6KA2, DCHS1, ACVRL1, APP, GATA2, SIRT2, RAC2, GATA3, AXL, EPAS1, CLN5, RB1, RECK, SOX18, S1PR1, ADAMTS12, ATP6AP2, PPARG, PRKACA, TDRD7, HES1, CDH5, RHOA, BNC1, ZBTB7A, RND1, TAL1, NDRG4, HID1, THBS3, MECP2, EXT1, ARCN1, SHB, LYL1, GALNT3, RXRA, TUSC2, EDN1, BFSP1, KLF2, DAG1, ABHD2
F80: GOBP_ANDROGEN_RECEPTOR_SIGNALING_PATHWAY | G80: Androgen Receptor Signaling Pathway | H80: 0.61928934 | I80: 0.7124336 | J80: 0.060118614 | K80: 0.26099098 | L80: 0.89279032 | M80: 38 | N80: DAB2, FOXP1, PKN1, TCF7L2, PRMT2
A81: no_redundant_auto | B81: =VLOOKUP(F81,decisions2!A:B,2,FALSE) -> no_redundant | C81: =IF(L81>0,"EC-side","eMPC-side") -> EC-side | D81: immune / inflammatory response | E81: =VLOOKUP(F81,collapsed2!A:J,10,FALSE) -> redundant | F81: GOBP_NEGATIVE_REGULATION_OF_IMMUNE_EFFECTOR_PROCESS | G81: Negative Regulation Of Immune Effector Process | H81: 1.7242006e-06 | I81: 3.0520305e-05 | J81: 0.64355184 | K81: 0.58112065 | L81: 2.1567332 | M81: 59 | N81: TGFB1, LGALS1, ANXA1, CD59, AHR, HLA-B, ZBTB7B, CD46, GRN, CEACAM1, JAK3, MASP1, NDFIP1, MICA, A2M, CD55, INPP5D, HLX, BST2, MAPK3, PVR, CUEDC2, SERPINB9, IRAK3, SERPING1, BCL6, CRK
F82: GOBP_ANIMAL_ORGAN_FORMATION | G82: Animal Organ Formation | H82: 0.084541063 | I82: 0.1724275 | J82: 0.24133998 | K82: -0.37067566 | L82: -1.3521355 | M82: 37 | N82: AXIN2, ROBO1, DKK1, HOXA3, FOXH1, WNT5A, EMP2
F83: GOBP_ANIMAL_ORGAN_MATURATION | G83: Animal Organ Maturation | H83: 0.5049505 | I83: 0.61630114 | J83: 0.090263548 | K83: -0.32332585 | L83: -0.96576843 | M83: 19 | N83: SEMA4D, ALDH1A2, PLXNB1
F84: GOBP_ANIMAL_ORGAN_REGENERATION | G84: Animal Organ Regeneration | H84: 0.3398533 | I84: 0.47141038 | J84: 0.11378726 | K84: -0.30608065 | L84: -1.0630461 | M84: 32 | N84: ATIC, EZH2, CAD, PTCH1, SLC7A5, PRMT5, UCP2, PCNA, LPIN1
F85: GOBP_ANOIKIS | G85: Anoikis | H85: 0.067323481 | I85: 0.14551852 | J85: 0.22205605 | K85: 0.44466923 | L85: 1.4260038 | M85: 28 | N85: ITGB1, BMF, ITGA5, TLE1, PIK3CA
F86: GOBP_ANTERIOR_POSTERIOR_AXIS_SPECIFICATION | G86: Anterior Posterior Axis Specification | H86: 0.92079208 | I86: 0.9450996 | J86: 0.059348768 | K86: -0.20485133 | L86: -0.7038358 | M86: 31 | N86: WLS, GPC3, WNT5A, SRF, PGAP1, TBX3, ZIC3, SMAD4, AURKA
A87: yes_final | B87: =VLOOKUP(F87,decisions2!A:B,2,FALSE) -> no_redundant | C87: =IF(L87>0,"EC-side","eMPC-side") -> EC-side | D87: immune / inflammatory response | E87: =VLOOKUP(F87,collapsed2!A:J,10,FALSE) -> main | F87: GOBP_RESPONSE_TO_TYPE_II_INTERFERON | G87: Response To Type Ii Interferon | H87: 1.0078026e-07 | I87: 2.5515373e-06 | J87: 0.70497572 | K87: 0.53458756 | L87: 2.1551376 | M87: 92 | N87: MYO1C, JAK1, FLNB, VIM, IFITM2, IFITM3, GSN, PARP14, DAPK3, CALCOCO2, VAMP3, CD40, SP100, SNCA, IRF1, TYK2, KIF5B, VPS26B, PARP9, TRIM21, CDC42, PSMB10, GBP4, PPARG, BST2, NR1H2, IFNGR1, ACTR2, CDC37, GBP2, CD47, TLR4, VAMP4, CDC42EP2, NLRC5, STXBP1, ACTR3, EDN1, CCL2, STXBP3, RAB43, LGALS9, ZYX, CD58, IFNGR2, NR1H3
F88: GOBP_ANTEROGRADE_AXONAL_TRANSPORT | G88: Anterograde Axonal Transport | H88: 0.41216216 | I88: 0.53772363 | J88: 0.080419997 | K88: 0.30017622 | L88: 1.0299517 | M88: 39 | N88: HSPB1, KIF5B, FEZ1, MAP1A, SNAPIN, ARL8A, DTNBP1, BLOC1S3, TRIM46, AP3M1, MAPK8IP3, ARL8B, MAP2, RAB27B, RAB21, BLOC1S2, KIF1C, NETO1
A89: no_biology | B89: =VLOOKUP(F89,decisions2!A:B,2,FALSE) -> no_redundant | C89: =IF(L89>0,"EC-side","eMPC-side") -> EC-side | D89: other | E89: =VLOOKUP(F89,collapsed2!A:J,10,FALSE) -> main | F89: GOBP_CELLULAR_RESPONSE_TO_EXTERNAL_STIMULUS | G89: Cellular Response To External Stimulus | H89: 1.8924117e-06 | I89: 3.2875621e-05 | J89: 0.64355184 | K89: 0.58032051 | L89: 2.1537636 | M89: 59 | N89: TGFB1, PIEZO1, TNFRSF10B, TNFRSF1A, LTBR, GADD45A, NFKB1, CYBA, PLEC, TEK, BMP6, CD40, PIEZO2, COL1A1, BAG3, IRF1, TNFRSF10A, ITGA2, BCL10, BAD, FAS, MAPK3, MYD88, ANKRD1, TLR4, CASP8, FGF2
B90: =VLOOKUP(F90,decisions2!A:B,2,FALSE) -> no_redundant | C90: =IF(L90>0,"EC-side","eMPC-side") -> EC-side | E90: =VLOOKUP(F90,collapsed2!A:J,10,FALSE) -> main | F90: GOBP_GLOMERULUS_DEVELOPMENT | G90: Glomerulus Development | H90: 3.7522301e-06 | I90: 5.9201853e-05 | J90: 0.62725674 | K90: 0.59438341 | L90: 2.1536926 | M90: 50 | N90: COMT, LAMB2, SULF2, JAG1, NID1, WWTR1, MYO1E, MTSS1, TEK, IQGAP1, CFLAR, ACTA2, PPP3CA, PDGFB, GPR4, AMPD2, PODXL, IL6R, HES1, SULF1, PDGFA, PDGFRB, EXT1, MPV17, MEF2C, NOTCH1, EDN1, FOXC2, ANGPT2, MAGI2, ENPEP, HEYL, PDGFD, LGR4
B91: =VLOOKUP(F91,decisions2!A:B,2,FALSE) -> no_redundant | C91: =IF(L91>0,"EC-side","eMPC-side") -> EC-side | E91: =VLOOKUP(F91,collapsed2!A:J,10,FALSE) -> main | F91: GOBP_POSITIVE_REGULATION_OF_LOCOMOTION | G91: Positive Regulation Of Locomotion | H91: 7.4065847e-15 | I91: 8.9592243e-13 | J91: 0.98654628 | K91: 0.43891285 | L91: 2.1446855 | M91: 396 | N91: THBS1, F2R, TGFB1, FLT1, SEMA3G, RHOC, MYO1C, ITGB1, DAB2, RHOB, ANXA1, CD151, MALAT1, SPARC, TGFBR2, KDR, CD99L2, S100A11, BMPR2, HDAC7, JUN, TMSB4X, HSPB1, STAT3, SUN2, RRAS, NRP1, FOXP1, CTTN, FLT4, ADAM9, CSF1, MCAM, DAPK3, APP, BCAR1, CDH13, FZD4, ETS1, SEMA5A, TGFBR3, PLK2, SDCBP, GATA2, TEK, ADAM10, NUMB, SH3RF2, PIK3CG, RAC2, GATA3, CD40, GNAI2, JAM3, SEMA6B, MMP14, LGMN, GRN, COL1A1, SSH1, PPM1F, SMURF2, SASH1, STX4, SEMA4F, MOSPD2, NRP2, FOXO4, ICAM1, MYADM, ATP8A1, ITGA2, RAB40B, PRKCE, PHPT1, ITGB1BP1, ACTA2, LAMB1, SMAD3, HBEGF, KIT, ITGAV, FN1, ZNF580, CDC42, SEMA3F, P4HB, PGF, PPP3CA, ADGRA2, PLAU, PDGFB, S1PR1, CREB3, VEGFC, SYDE1, ARHGEF7, DOCK1, TRADD, RAPGEF2, MAP4K4, SEMA3A, ACTN4, HMOX1, CIB1, MAPK3, GCNT2, PODXL, FERMT2, SHTN1, RICTOR, VPS35, NFE2L2, EGF, PIK3R1, IL6R, MMP9, CD47, PDGFA, IGF1R, ITGA4, SPHK1, CDH5, MET, RIN2, CPNE3, RHOA, PLVAP, MIEN1, MYLK, TLR4, NOS3, CASP8, FGF2, ABL2, ARHGEF2, TMEM102, MAPK14, PDGFRB, CFL1, RUFY3, SELP, TJP1, PINK1, MAP2K3, MGAT5, ADAM17, BCL6, IL16, IL1R1, HPSE, CRK, GRIA1, PRKCA, NOTCH1, EDN1, TACR1, PFN1, PRKD2, PLCG2
B92: =VLOOKUP(F92,decisions2!A:B,2,FALSE) -> no_biology | C92: =IF(L92>0,"EC-side","eMPC-side") -> EC-side | E92: =VLOOKUP(F92,collapsed2!A:J,10,FALSE) -> main | F92: GOBP_LYSOSOMAL_TRANSPORT | G92: Lysosomal Transport | H92: 4.0631095e-08 | I92: 1.1848318e-06 | J92: 0.71951283 | K92: 0.51851189 | L92: 2.1446125 | M92: 108 | N92: RHOB, EHD3, LIPA, PSAP, MFSD1, LAMP2, SCARB2, GNPTG, GRN, GNPTAB, MVB12A, LYST, LAMP1, USE1, AKTIP, HGSNAT, RAB7A, TRAK2, KIF13A, CHMP6, NEDD4, SNAPIN, UEVLD, DENND3, UBXN6, VPS11, DTX3L, VPS35, VIPAS39, MTM1, BECN1, CHMP2A, PLEKHF2, PIK3C3, CHMP1B, CHMP4B, PINK1, IGF2R, CHMP1A, VPS41, VPS16, SLC17A9, VPS39, TMEM106B, SORT1, VPS4B, GAK, NAGPA, TGFBRAP1, ZFYVE16, VPS51, SPTBN5, VPS18, HOOK3, GPRASP1, EPG5
B93: =VLOOKUP(F93,decisions2!A:B,2,FALSE) -> no_redundant | C93: =IF(L93>0,"EC-side","eMPC-side") -> EC-side | E93: =VLOOKUP(F93,collapsed2!A:J,10,FALSE) -> main | F93: GOBP_INTEGRIN_MEDIATED_SIGNALING_PATHWAY | G93: Integrin Mediated Signaling Pathway | H93: 5.1005599e-07 | I93: 1.0610464e-05 | J93: 0.6594444 | K93: 0.54079246 | L93: 2.1436394 | M93: 85 | N93: ITGA3, ITGB1, DAB2, LAMB2, ITGA5, TLN1, ITGA1, NID1, NRP1, ADAM9, CD63, BCAR1, SLC2A10, ADAM10, MYH9, COL3A1, TIMP1, CEACAM1, ITGA2, ADAM15, ITGB1BP1, LAMB1, LAMC1, LIMS1, ITGAV, BST1, FN1, CTNNA1, CDC42, PLAU, DST, LAMA5, DOCK1, FERMT2, ITGA8, CD47, ITGA4
B94: =VLOOKUP(F94,decisions2!A:B,2,FALSE) -> no_redundant | C94: =IF(L94>0,"EC-side","eMPC-side") -> EC-side | E94: =VLOOKUP(F94,collapsed2!A:J,10,FALSE) -> main | F94: GOBP_PROTEIN_LOCALIZATION_TO_PLASMA_MEMBRANE | G94: Protein Localization To Plasma Membrane | H94: 3.4912122e-10 | I94: 1.6525071e-08 | J94: 0.81403584 | K94: 0.46732819 | L94: 2.1424796 | M94: 217 | N94: TGFB1, ITGA3, ITGB1, DAB2, EHD3, EHD2, SQSTM1, PPP1R9B, ATP6AP1, VAMP5, TNFRSF1A, SEC23A, TSPAN15, SPTBN1, SCARB2, DCHS1, TMEM59, CLIP3, OPTN, VAMP3, PICALM, EHD1, NUMB, CAMK2G, FRMD8, PALM, TMEM88, MMP14, VAMP2, PRKAA1, TMBIM1, EHD4, EZR, P2RY1, ARL6IP5, STX4, MACF1, TSPAN14, INPP5K, PRKCE, ATP2B4, KIF5B, KRT18, ITGB1BP1, RAB7A, ABI3, SCP2, PACS1, KIF13A, RAMP2, RAB13, ERRFI1, DENND4C, LAMA5, RAPGEF2, CIB1, CACNB3, SESN2, EFR3A, MYO5A, AP2M1, RHOG, VPS35, PACS2, PRNP, PIK3R1, S100A10, RAP1A, FLOT2, LDLRAP1, RER1, VAMP4, LRP6, BBS2, BCL2L1, STXBP1
F95: GOBP_ANTIMICROBIAL_HUMORAL_IMMUNE_RESPONSE_MEDIATED_BY_ANTIMICROBIAL_PEPTIDE | G95: Antimicrobial Humoral Immune Response Mediated By Antimicrobial Peptide | H95: 0.097103918 | I95: 0.19174208 | J95: 0.18643256 | K95: 0.47087235 | L95: 1.3878431 | M95: 21 | N95: B2M, APP, FAM3A, CXCL1, TOR2A, ADM
F96: GOBP_ANTIMICROBIAL_HUMORAL_RESPONSE | G96: Antimicrobial Humoral Response | H96: 0.15973378 | I96: 0.27617285 | J96: 0.14040624 | K96: 0.40102205 | L96: 1.273118 | M96: 27 | N96: B2M, APP, FAM3A, CXCL1, TOR2A, ADM, BCL3, CCL2, CXCL2, CXCL3, RPS19, PPP2R3C
F97: GOBP_ANTIVIRAL_INNATE_IMMUNE_RESPONSE | G97: Antiviral Innate Immune Response | H97: 0.079734219 | I97: 0.16440149 | J97: 0.20429476 | K97: 0.36903109 | L97: 1.3419052 | M97: 51 | N97: NLRP1, CARD8, RELA, SERINC3, TRIM25, ZDHHC1, HCFC2, TRIM21, IFIT2, IFIT5, RNF135, TMEM120A, SENP7, IFIT3, EIF2AK2, NCK1, IFIT1, USP18, MAVS, IFIH1, OAS3
B98: =VLOOKUP(F98,decisions2!A:B,2,FALSE) -> no_biology | C98: =IF(L98>0,"EC-side","eMPC-side") -> EC-side | E98: =VLOOKUP(F98,collapsed2!A:J,10,FALSE) -> main | F98: GOBP_VACUOLAR_TRANSPORT | G98: Vacuolar Transport | H98: 8.356041e-09 | I98: 2.9989923e-07 | J98: 0.74773966 | K98: 0.49163624 | L98: 2.138569 | M98: 148 | N98: RHOB, EHD3, SQSTM1, LEPROT, LIPA, PSAP, MFSD1, LAMP2, SCARB2, GNPTG, GRN, VPS13C, GNPTAB, ATP6V0D1, MVB12A, LYST, LAMP1, USE1, AKTIP, HGSNAT, RAB7A, TRAK2, NDFIP1, KIF13A, CHMP6, NEDD4, SNAPIN, UEVLD, DENND3, UBXN6, CLEC16A, VPS11, AP1M1, DTX3L, AP2M1, VPS35, VPS28, VIPAS39, MTM1, BECN1, CHMP2A, PLEKHF2, PIK3C3, CHMP1B, CHMP4B, PINK1, IGF2R, CHMP1A, VPS41, VPS16, SLC17A9, VPS39, TMEM106B, SORT1, VPS4B, GAK, VPS37B, NAGPA, TGFBRAP1, ZFYVE16, VPS51, TMEM50A, MON1A, SPTBN5, VPS37A, VPS18, HOOK3, STAM2, GPRASP1, EPG5
B99: =VLOOKUP(F99,decisions2!A:B,2,FALSE) -> no_redundant | C99: =IF(L99>0,"EC-side","eMPC-side") -> EC-side | E99: =VLOOKUP(F99,collapsed2!A:J,10,FALSE) -> redundant | F99: GOBP_REGULATION_OF_INFLAMMATORY_RESPONSE | G99: Regulation Of Inflammatory Response | H99: 8.412502e-11 | I99: 5.3873003e-09 | J99: 0.83908894 | K99: 0.45909402 | L99: 2.1271573 | M99: 239 | N99: FURIN, TGFB1, UACA, LGALS1, ANXA1, TNFRSF1B, PDCD4, NLRP1, PRKAR1A, IL6ST, TNFRSF1A, NFKBIA, TMSB4X, STAT3, AHR, IL17RA, NFE2L1, FOXP1, MAPK13, ELF4, NFKB1, CARD8, APP, ETS1, PLK2, IFI16, TEK, C15orf39, VAMP3, GPX1, GATA3, PRKAR2B, RELA, VAMP2, SIGIRR, LPL, ADA, GRN, PRMT2, SNCA, NEAT1, SNX6, CYLD, SYT11, TMEM219, FBXL2, OSMR, SOCS3, SMAD3, NDFIP1, PPARA, RB1, BST1, FYN, ADAMTS12, PPARG, GPR4, IFI35, NT5E, TRADD, MAPK3, MYD88, ASH1L, NR1H2, TNIP1, RICTOR, VPS35, IL10RB, GBP2, RIPK1, PRKAR2A, LACC1, MMP9, CD47, SPHK1, CDH5, NMI, NR5A2, TLR4, NFKBIZ, HYAL2, SHARPIN, MAPK14, CD81, BCL6B, NINJ1, SNX4, BCL6, IL16, IL1R1, HPSE, PLCG2, IL18R1, ADORA2B, EXTL3, MKRN2, IL1RL1, TREX1, CEBPB
F100: GOBP_AORTIC_VALVE_MORPHOGENESIS | G100: Aortic Valve Morphogenesis | H100: 0.073578595 | I100: 0.15523753 | J100: 0.21392786 | K100: 0.42777212 | L100: 1.3890803 | M100: 31 | N100: TGFB1, EFNA1, TGFBR2, JAG1, TIE1, GATA3, SMAD6, RB1, HEY1, HEY2, DLL4
...

Sheet collapsed2
A1: pathway | B1: pathway_clean | C1: pval | D1: padj | E1: log2err | F1: ES | G1: NES | H1: size | I1: leadingEdge | J1: collapsed_status
A2: GOBP_ACETYL_COA_METABOLIC_PROCESS | B2: Acetyl Coa Metabolic Process | C2: 0.0093046086 | D2: 0.03229421 | E2: 0.3807304 | F2: -0.45783186 | G2: -1.6414105 | H2: 35 | I2: PDK1, FASN, HMGCS1, ACLY, AADAT, HMGCR, AASS, MVD, GCDH, PDHX, DLAT | J2: redundant
A3: GOBP_ACTIN_FILAMENT_BUNDLE_ORGANIZATION | B3: Actin Filament Bundle Organization | C3: 0.0075084506 | D3: 0.027277642 | E3: 0.40701792 | F3: 0.34804734 | G3: 1.5032783 | H3: 139 | I3: RHOC, ITGB1, PARVA, NRP1, MTSS1, TNFAIP1, ARRB1, EZR, PPM1F, SPIRE1, SHANK3, INPP5K, RAB40B, CORO1B, CGNL1, ITGB1BP1, SHROOM1, SMAD3, LIMS1, SYNPO, PXN, CDC42, TPM1, S1PR1, LIMD2, SHROOM2, SORBS3, FERMT2, SHTN1, PARVB, PIK3R1, FHOD1, CD47, PAK2, PDLIM1, S100A10, PLS3, RHOA, WASF2, ARHGAP28, ADD1, ARHGEF15, CFL1, ARPIN, TJP1, ACTN1, RAPGEF3, F11R, TACR1, PFN1, LUZP1, ZEB2, LIMCH1, TESK1, CALD1, ZYX | J3: redundant
A4: GOBP_ACTIN_FILAMENT_DEPOLYMERIZATION | B4: Actin Filament Depolymerization | C4: 0.00457494 | D4: 0.01894348 | E4: 0.40701792 | F4: 0.47954837 | G4: 1.6955076 | H4: 44 | I4: PPP1R9B, SVIL, SPTBN1, GSN, SEMA5A, TMOD2, PIK3CA, SPTAN1, ADD3, TWF2, TWF1, WDR1, CFL2, ADD1, CFL1, TRIOBP, MICAL2, TMOD1, CAPZA2, DSTN, TMOD3, RDX | J4: redundant
A5: GOBP_ACTIN_FILAMENT_ORGANIZATION | B5: Actin Filament Organization | C5: 9.2230179e-09 | D5: 3.2045081e-07 | E5: 0.74773966 | F5: 0.3942085 | G5: 1.8948088 | H5: 342 | I5: TAGLN2, CDC42EP1, RHOC, MYO1C, ITGB1, RHOB, PARVA, MYO6, CDC42EP3, PPP1R9B, SVIL, TMSB4X, SPTBN1, ARPC1B, GSN, ARHGEF12, NRP1, CTTN, GAS2L1, BCAR1, MYO1E, MTSS1, SEMA5A, PLEC, VASP, TNFAIP1, TMOD2, RAC2, TMSB10, IQGAP1, PIK3CA, GIPC1, HIP1R, ARRB1, SSH1, EZR, PPM1F, SPIRE1, SHANK3, SH3KBP1, SPTAN1, INPP5K, CNN3, CAP1, MYADM, ADD3, RAB40B, PRKCE, TWF2, DIAPH2, CORO1B, CGNL1, ITGB1BP1, SHROOM1, TWF1, WDR1, ARHGAP18, SMAD3, LIMS1, ABI1, SYNPO, PXN, ARPC3, CDC42, TPM1, ESAM, S1PR1, CFL2, LIMD2, SHROOM4, ARPC5, SHROOM2, WIPF1, INF2, SORBS3, FERMT2, SHTN1, MYO5A, RHOG, WHAMM, RICTOR, ACTR2, SAMD14, PARVB, PIK3R1, SH3BP4, FCHSD2, FHOD1, SSH2, TPM4, CD47, ARPC2, FCHSD1, PAK2, PDLIM1, S100A10, PLS3, RHOA, WASF2, TPM2, ARHGAP28, CDC42EP2, MICALL2, ADD1, ARHGEF2, RND1, RND3, ARHGEF15, CFL1, TRIOBP, RUFY3, ARPIN, MICAL2, TJP1, ACTN1, TMOD1, ACTR3, RAPGEF3, CAPZA2, F11R, DSTN, SNX9, BRK1, CYFIP2, NCK1, TACR1, PFN1 | J5: main
A6: GOBP_ACTIN_FILAMENT_POLYMERIZATION | B6: Actin Filament Polymerization | C6: 0.00014578363 | D6: 0.0012399202 | E6: 0.51884808 | F6: 0.42378588 | G6: 1.7640488 | H6: 111 | I6: CDC42EP1, CDC42EP3, SVIL, TMSB4X, SPTBN1, GSN, CTTN, VASP, TMOD2, HIP1R, SSH1, SPTAN1, MYADM, ADD3, PRKCE, TWF2, DIAPH2, TWF1, ARHGAP18, ARPC3, ESAM, ARPC5, INF2, RICTOR, FCHSD2, SSH2, ARPC2, FCHSD1, ARHGAP28, CDC42EP2, MICALL2, ADD1, CFL1, TRIOBP, TMOD1, CAPZA2, SNX9, CYFIP2, NCK1, PFN1, ARPC4, TMOD3 | J6: redundant
A7: GOBP_ACTIN_POLYMERIZATION_OR_DEPOLYMERIZATION | B7: Actin Polymerization Or Depolymerization | C7: 7.3702175e-05 | D7: 0.00070383422 | E7: 0.5384341 | F7: 0.41981996 | G7: 1.7958153 | H7: 134 | I7: CDC42EP1, CDC42EP3, PPP1R9B, SVIL, TMSB4X, SPTBN1, GSN, CTTN, SEMA5A, VASP, TMOD2, PIK3CA, HIP1R, SSH1, SPTAN1, MYADM, ADD3, PRKCE, TWF2, DIAPH2, TWF1, WDR1, ARHGAP18, ABI1, ARPC3, ESAM, CFL2, ARPC5, WIPF1, INF2, RICTOR, FCHSD2, SSH2, ARPC2, FCHSD1, ARHGAP28, CDC42EP2, MICALL2, ADD1, CFL1, TRIOBP, MICAL2, TMOD1, CAPZA2, DSTN, SNX9, BRK1, CYFIP2, NCK1, PFN1, ARPC4, TMOD3 | J7: redundant
A8: GOBP_ACTIVATION_OF_IMMUNE_RESPONSE | B8: Activation Of Immune Response | C8: 1.9195222e-06 | D8: 3.3170157e-05 | E8: 0.62725674 | F8: 0.36255186 | G8: 1.7422585 | H8: 341 | I8: NLRP1, SQSTM1, NFKBIA, NAGK, SEC14L1, LIPA, CD59, LAMP2, FOXP1, NFKB1, CARD8, CYBA, APP, BCAR1, RFTN1, CD46, IFI16, IRF2, ELF1, SIRT2, NEK7, BTN3A2, BTN2A1, GATA3, PIK3CA, RELA, PJA2, DUSP3, RPS6KA3, TICAM1, TRIM25, ADA, LRCH4, ZDHHC1, EZR, NOD1, CPTP, IRF1, CEACAM1, HCFC2, CLEC2B, CYLD, BAX, TAX1BP1, LATS2, CBLB, PRKCE, FBXL2, PHPT1, MASP1, RNF144A, FOSL2, BCL10, ABHD17A, DDX60, TRIM5, FYN, A2M, MARK4, CD55, CASP6, PLEKHA1, INPP5D, IFI35, C1RL, FOSL1, BTN3A1, CACNB3, MYD88, TRIM3, RAB29, TNIP1, IRAK4, GBP2, ZNFX1, PRNP, DGKZ, PIK3R1, LACC1, CD47, BECN1, NMI, PAK2, RAP1A, RNF135, ADCY7, PSEN1, TLR4, NFKBIZ, RIOK3, PDE4D, KLHL6, RBCK1, PDE4B, CD81, IRAK3, SERPING1, SMPDL3A, NINJ1, CMTM3, PLSCR1, PRKCH, EIF2AK2, SHB, MEF2C, TNIP2, UNC93B1, IRAK2, KCNK6, ITCH, NCK1, FCN3, PRKD2, PLCG2, LCP2, NFATC2, GDI1, PIK3CD, SARM1, NAGLU, TREX1, USP15, VAV3, LGALS9, CSNK1A1, NPLOC4, MAVS, IFIH1, ICOSLG, RIPK2, OAS3, NR1H3, ZC3HAV1 | J8: redundant
A9: GOBP_ACTIVATION_OF_INNATE_IMMUNE_RESPONSE | B9: Activation Of Innate Immune Response | C9: 0.0012033012 | D9: 0.0067525461 | E9: 0.45505987 | F9: 0.33625363 | G9: 1.5348883 | H9: 207 | I9: NLRP1, SQSTM1, NFKBIA, NAGK, SEC14L1, LAMP2, CARD8, CYBA, APP, RFTN1, IFI16, IRF2, SIRT2, NEK7, RELA, PJA2, RPS6KA3, TICAM1, TRIM25, LRCH4, ZDHHC1, NOD1, CPTP, IRF1, HCFC2, CYLD, TAX1BP1, LATS2, PRKCE, FBXL2, MASP1, RNF144A, BCL10, ABHD17A, DDX60, TRIM5, FYN, MARK4, CASP6, IFI35, FOSL1, MYD88, TRIM3, TNIP1, IRAK4, GBP2, ZNFX1, PIK3R1, LACC1, BECN1, NMI, PAK2, RNF135, ADCY7, TLR4, NFKBIZ, RIOK3, IRAK3, SMPDL3A, NINJ1, EIF2AK2, TNIP2, UNC93B1, IRAK2, KCNK6, ITCH, FCN3, PLCG2, GDI1, SARM1, NAGLU, TREX1, USP15, LGALS9, CSNK1A1, NPLOC4, MAVS, IFIH1, RIPK2, OAS3, NR1H3, ZC3HAV1 | J9: redundant
A10: GOBP_ACTIVATION_OF_PROTEIN_KINASE_ACTIVITY | B10: Activation Of Protein Kinase Activity | C10: 7.7508824e-05 | D10: 0.00072952109 | E10: 0.5384341 | F10: 0.62216322 | G10: 2.0203156 | H10: 31 | I10: TNFRSF1B, TNFRSF10B, PRKAR1A, TNFRSF1A, LTBR, PRKAR2B, TNFRSF10A, ITGB1BP1, CARD10, SESN2, RIPK1, PRKAR2A | J10: main
A11: GOBP_ACTOMYOSIN_STRUCTURE_ORGANIZATION | B11: Actomyosin Structure Organization | C11: 0.014593248 | D11: 0.045219686 | E11: 0.3807304 | F11: 0.3232502 | G11: 1.4084235 | H11: 150 | I11: CSRP1, RHOC, ITGB1, PRKAR1A, NRP1, PLEC, TNFAIP1, TMOD2, MYH9, IQGAP1, AKAP13, CFLAR, ARRB1, PPM1F, INPP5K, CNN3, CGNL1, ITGB1BP1, WDR1, SMAD3, SYNPO, PXN, CDC42, TPM1, S1PR1, CFL2, CDC42BPA, EPB41L4A, SORBS3, FERMT2, KRT8, ANKRD1, PIK3R1, FHOD1, CD47, PAK2, PDLIM1, S100A10, RHOA, WASF2, ARHGAP28, PDGFRB, ARHGEF15, TJP1, TMOD1, RAPGEF3, F11R, PDCD6IP, CDC42BPB, EDN1, TACR1, PFN1, TMOD3, LUZP1, ZEB2, LIMCH1 | J11: redundant
A12: GOBP_ACUTE_INFLAMMATORY_RESPONSE | B12: Acute Inflammatory Response | C12: 0.0029834952 | D12: 0.013647192 | E12: 0.4317077 | F12: 0.49911941 | G12: 1.7248719 | H12: 40 | I12: IL6ST, STAT3, LIPA, APOL2, GATA3, SIGIRR, B4GALT1, OSMR, FN1, ASH1L, IL10RB, IL6R, PRCP, EXT1, PLSCR1, HPSE, CTNNBIP1, CEBPB, NPY5R, C2CD4B | J12: redundant
A13: GOBP_ACYL_COA_METABOLIC_PROCESS | B13: Acyl Coa Metabolic Process | C13: 0.011567849 | D13: 0.038027183 | E13: 0.3807304 | F13: -0.35542959 | G13: -1.5277085 | H13: 78 | I13: PDK1, FASN, ELOVL6, HMGCS1, HSD17B4, PPT1, ACLY, AADAT, HMGCR, AASS, GPAM, ELOVL7, HACD2, HACD1, MVD, GCDH, ACSL4, ACSL1, SUCLA2, PDHX, DLAT, HSD17B12 | J13: redundant
... A1084: GOBP_ZYMOGEN_ACTIVATION | B1084: Zymogen Activation | C1084: 0.00081167879 | D1084: 0.0049667364 | E1084: 0.47727082 | F1084: 0.59262085 | G1084: 1.9068899 | H1084: 30 | I1084: FURIN, THBS1, ANXA2, CTSL, MMP14, PLAUR, MASP1, RUNX1, PLAU, C1RL, THBD, S100A10, ANXA2P2 | J1084: redundant

Sheet decisions2
A1: GOBP_ENDOTHELIAL_CELL_MIGRATION | B1: yes_apriori
A2: GOBP_SPROUTING_ANGIOGENESIS | B2: no_redundant
A3: GOBP_REGULATION_OF_ENDOTHELIAL_CELL_MIGRATION | B3: no_redundant
A4: GOBP_BLOOD_VESSEL_MORPHOGENESIS | B4: yes_apriori
A5: GOBP_POSITIVE_REGULATION_OF_ENDOTHELIAL_CELL_MIGRATION | B5: no_redundant
A6: GOBP_HEMOSTASIS | B6: yes_apriori
A7: GOBP_ENDOTHELIUM_DEVELOPMENT | B7: no_redundant
A8: GOBP_WOUND_HEALING | B8: no_redundant
A9: GOBP_VACUOLE_ORGANIZATION | B9: no_biology
A10: GOBP_REGULATION_OF_VASCULATURE_DEVELOPMENT | B10: no_redundant
A11: GOBP_REGULATION_OF_BODY_FLUID_LEVELS | B11: no_redundant
A12: GOBP_RESPONSE_TO_WOUNDING | B12: no_redundant
... A1083: GOBP_RIBONUCLEOPROTEIN_COMPLEX_BIOGENESIS | B1083: no_biology

Sheet EC_vs_iPSC
A2: Include in signature? | B2: include_apriori | C2: Stage-associated side of contrast (auto from NES sign) | D2: Biological category | E2: Redundancy | F2: pathway | G2: pathway_clean | H2: pval | I2: padj | J2: log2err | K2: ES | L2: NES | M2: size | N2: leadingEdge
F3: GOBP_2_OXOGLUTARATE_METABOLIC_PROCESS | G3: 2 Oxoglutarate Metabolic Process | H3: 0.098591549 | I3: 0.20734063 | J3: 0.21925035 | K3: -0.48114748 | L3: -1.3908074 | M3: 15 | N3: GPT2, L2HGDH, IDH1, GOT2
F4: GOBP_3_UTR_MEDIATED_MRNA_DESTABILIZATION | G4: 3 Utr Mediated Mrna Destabilization | H4: 0.57932692 | I4: 0.69205623 | J4: 0.081080206 | K4: -0.29342167 | L4: -0.91138964 | M4: 19 | N4: TRIM71, HNRNPD, DHX36, KHSRP, TARDBP
F5: GOBP_3_UTR_MEDIATED_MRNA_STABILIZATION | G5: 3 Utr Mediated Mrna Stabilization | H5: 0.098522167 | I5: 0.20734063 | J5: 0.22496609 | K5: -0.43063359 | L5: -1.3634966 | M5: 20 | N5: HNRNPC, METTL16, RBM38, RBM47
F6: GOBP_ACETYL_COA_BIOSYNTHETIC_PROCESS | G6: Acetyl Coa Biosynthetic Process | H6: 0.62333333 | I6: 0.72526066 | J6: 0.05909548 | K6: 0.29414727 | L6: 0.87690172 | M6: 21 | N6: PDP1, DIP2A, ACAT1, PDK4, ACSS2, PDK1, PDK2, PPCS, BCKDK, ACSS1, MPC2
F7: GOBP_ACETYL_COA_METABOLIC_PROCESS | G7: Acetyl Coa Metabolic Process | H7: 0.11294766 | I7: 0.22603373 | J7: 0.22205605 | K7: -0.35364877 | L7: -1.2876321 | M7: 35 | N7: AASS, FASN, GCDH, PIPOX, HMGCS1, ACACB, ACLY, PDHX, DLAT, NME1, HMGCR
F8: GOBP_ACIDIC_AMINO_ACID_TRANSPORT | G8: Acidic Amino Acid Transport | H8: 0.45504087 | I8: 0.59186121 | J8: 0.10208011 | K8: -0.2592493 | L8: -0.99558702 | M8: 40 | N8: SLC1A5, UCP2, SLC6A6, SLC1A1, PIANP, SLC25A22, SLC1A3, ABAT, KCNK1, LRRC8D, ATP1A2, SLC1A6
F9: GOBP_ACROSOME_ASSEMBLY | G9: Acrosome Assembly | H9: 0.64788732 | I9: 0.74193548 | J9: 0.073990144 | K9: -0.30158228 | L9: -0.87175529 | M9: 15 | N9: CCDC136, PLA2G3, CEP70, DCAF17
F10: GOBP_ACROSOME_REACTION | G10: Acrosome Reaction | H10: 0.47228916 | I10: 0.60490054 | J10: 0.092552886 | K10: -0.33262597 | L10: -0.98505397 | M10: 16 | N10: SYT6, CACNA1H, RAB3A, TRIM36, ADCY3, UNC13B, PCSK4
F11: GOBP_ACTIN_FILAMENT_BASED_MOVEMENT | G11: Actin Filament Based Movement | H11: 0.27323944 | I11: 0.42215979 | J11: 0.093145458 | K11: 0.27629978 | L11: 1.115277 | M11: 87 | N11: PARVA, SUN2, MYO6, GSN, MYO1C, PIK3CA, MYL6, CAMK2D, TRPM4, WIPF1, FRMD6, CAV1, GJA1, ZEB2, ACTA2, LIMCH1, PDE4D, MYH9
A12: yes_final | B12: yes_apriori | C12: =IF(L12>0,"EC-side","iPSC-side") -> EC-side | D12: angiogenesis / vasculogenesis | E12: =VLOOKUP(F12,collapsed3!A:J,10,FALSE) -> main | F12: GOBP_SPROUTING_ANGIOGENESIS | G12: Sprouting Angiogenesis | H12: 5.4128001e-13 | I12: 9.3043184e-11 | J12: 0.921426 | K12: 0.6054774 | L12: 2.5201977 | M12: 107 | N12: THBS1, FLT1, TGFB1, PARVA, ITGA5, EFNB2, TSPAN18, ITGB1, ADGRA2, KDR, JAK1, ENG, CEACAM1, ANXA1, NRP1, MMRN2, STARD13, FLT4, TGM2, PLK2, ADAMTS9, NGFR, TGFBR3, ITGB1BP1, AKT1, TEK, LOXL2, TBXA2R, NOTCH1, CDH13, PPP1R16B, ACVRL1, RECK, SEMA5A, VEGFC, NRARP, DLL4, ADGRG6, EPHB4, CIB1, CLEC14A, HDAC7, RNF213, CDH5, RHOA, GATA2, BMPER, PIK3R3, EHD4, RAMP2, EPHA2, ESM1
A13: yes_final | B13: =VLOOKUP(F13,decisions3!A:B,2,FALSE) -> yes_apriori | C13: =IF(L13>0,"EC-side","iPSC-side") -> EC-side | D13: angiogenesis / vasculogenesis | E13: =VLOOKUP(F13,collapsed3!A:J,10,FALSE) -> main | F13: GOBP_ENDOTHELIAL_CELL_MIGRATION | G13: Endothelial Cell Migration | H13: 1.4130318e-15 | I13: 4.1954199e-13 | J13: 1.0175448 | K13: 0.55889506 | L13: 2.4879489 | M13: 174 | N13: THBS1, TGFB1, VASH1, RHOB, EFNB2, PLXND1, ITGB1, TGFB1I1, ADGRA2, KDR, EFNA1, CEACAM1, ANXA1, NRP1, SPARC, MMRN2, STARD13, FLT4, FN1, PIK3CA, FOXP1, GADD45A, LGALS8, ATP2B4, SASH1, PLK2, ADAMTS9, ID1, TGFBR3, ITGB1BP1, AKT1, TEK, LOXL2, RRAS, TBXA2R, NOTCH1, PIK3CG, HSPB1, PRCP, CDH13, ETS1, PTPRM, LGMN, ACVRL1, SP100, SEMA5A, VEGFC, DLL4, GRN, NRP2, EPHB4, FSTL1, CD40, P2RX4, CIB1, CLEC14A, TNFSF12, ZEB2, CORO1B, HDAC7, WNT5A, TMSB4X, ADAM17, GATA3, MYH9, GPX1, NFE2L2, CDH5, RHOA, PPARG, EGF, ZNF580, NOS3, GATA2, BMPER, PIK3R3, EHD4, EDN1, SOX18, EPHA2, GIPC1, CALR, MICALL1, PDGFB, MEF2C, PDPK1, PTP4A3, EMC10, MECP2, RIN2
A14: yes_final | B14: yes_apriori | C14: =IF(L14>0,"EC-side","iPSC-side") -> EC-side | D14: endothelial specification | E14: =VLOOKUP(F14,collapsed3!A:J,10,FALSE) -> main | F14: GOBP_ENDOTHELIUM_DEVELOPMENT | G14: Endothelium Development | H14: 4.8693696e-12 | I14: 6.6264005e-10 | J14: 0.88707499 | K14: 0.57765121 | L14: 2.4364021 | M14: 112 | N14: RHOB, RAP1B, BMPR2, KDR, TIE1, CEACAM1, HEG1, PLOD3, NRP1, ADD1, STARD13, JAG1, BMP6, TNFRSF1A, FOXP1, ID1, MSN, LIPA, KDM6B, RAB1B, FZD4, NOTCH1, RDX, ICAM1, PPP1R16B, ACVRL1, GSTM3, COL18A1, DLL4, ROCK2, ADAMTS12, HEY1, TMEM100, MYD88, HOXB5, FSTL1, SLC40A1, CCM2, S1PR1, ROBO4, PDE4D, SOX17, GPX1, BTG1, MYADM, CDH5, RHOA, RAB1A, CLDN5, RAP1A, HEY2, EDN1, ZDHHC21, SOX18
A15: yes_final | B15: =VLOOKUP(F15,decisions3!A:B,2,FALSE) -> yes_apriori | C15: =IF(L15>0,"EC-side","iPSC-side") -> EC-side | D15: extracellular matrix organization / remodelling | E15: =VLOOKUP(F15,collapsed3!A:J,10,FALSE) -> main | F15: GOBP_COLLAGEN_METABOLIC_PROCESS | G15: Collagen Metabolic Process | H15: 1.0521812e-09 | I15: 7.6364975e-08 | J15: 0.78818681 | K15: 0.62624166 | L15: 2.4147368 | M15: 66 | N15: VIM, F2R, FURIN, TGFB1, CTSB, ITGB1, PLOD1, MMP14, TNS2, ITGA2, PLOD3, CTSL, CST3, P3H1, ID1, NOTCH1, P3H4, MMP9, TRAM2, COL5A1, COL1A1, FOSL2, ADAM15, EMILIN1, COL1A2, RUNX1, RAP1A, COL6A1, CYGB, RCN3, VIPAS39, P3H3, ERRFI1, IL6R, NAGLU, PLOD2, TMEM131, CREB3L1
F16: GOBP_ACTIN_MEDIATED_CELL_CONTRACTION | G16: Actin Mediated Cell Contraction | H16: 0.49418605 | I16: 0.62317051 | J16: 0.063642408 | K16: 0.25209155 | L16: 0.98050933 | M16: 71 | N16: PARVA, GSN, PIK3CA, MYL6, CAMK2D, TRPM4, FRMD6, CAV1, GJA1, ZEB2, ACTA2, LIMCH1, PDE4D, MYH9
F17: GOBP_ACTIN_NUCLEATION | G17: Actin Nucleation | H17: 0.019793835 | I17: 0.062976721 | J17: 0.35248786 | K17: 0.46021898 | L17: 1.5630102 | M17: 38 | N17: GSN, ARPC1B, ARPC2, ARPC3, HIP1R, ARPC5, ACTR2, ACTR3, FCHSD2, ARPIN, CORO1B, ARPC1A, ARPC4, ARF1, BRK1, SPIRE1, WHAMM
A18: yes_final | B18: =VLOOKUP(F18,decisions3!A:B,2,FALSE) -> no_redundant | C18: =IF(L18>0,"EC-side","iPSC-side") -> EC-side | D18: extracellular matrix organization / remodelling | E18: =VLOOKUP(F18,collapsed3!A:J,10,FALSE) -> main | F18: GOBP_COLLAGEN_FIBRIL_ORGANIZATION | G18: Collagen Fibril Organization | H18: 2.0151638e-08 | I18: 9.1754243e-07 | J18: 0.73376199 | K18: 0.6251734 | L18: 2.3493579 | M18: 58 | N18: COL4A1, COL4A2, ANXA2, COL5A2, PLOD1, ANTXR2, EFEMP2, PXDN, PLOD3, P3H1, COL4A5, LOXL2, BMP1, RB1, P3H4, COL5A1, ATP7A, COL1A1, COL11A1, ADAMTS12, FKBP10, EMILIN1, COLGALT1, COL1A2
F19: GOBP_ACTION_POTENTIAL | G19: Action Potential | H19: 0.38032787 | I19: 0.52655821 | J19: 0.12625399 | K19: -0.2311173 | L19: -1.0304007 | M19: 78 | N19: CXADR, FGF13, NEDD4L, NUP155, GJC1, HCN4, DSG2, SCN5A, KCNN2, KCNG1, SCN8A, KCNQ2, NOS1AP, MTOR, ATP1A2, KCNH2, SUMO1, PKP2, CLDN19, FKBP1B, CLCN2, RYR2, SCN4A, DLG1, ANK2, KCNS3, AKAP7
F20: GOBP_ACTIVATED_T_CELL_PROLIFERATION | G20: Activated T Cell Proliferation | H20: 0.084690554 | I20: 0.1847148 | J20: 0.195789 | K20: 0.45114135 | L20: 1.3890287 | M20: 24 | N20: LRRC32, PRKAR1A, PRNP, FYN, BTN3A1, IGF2, PPP3CA
F21: GOBP_ACTIVATION_OF_GTPASE_ACTIVITY | G21: Activation Of Gtpase Activity | H21: 0.18554217 | I21: 0.32147518 | J21: 0.15851411 | K21: -0.41754223 | L21: -1.2365289 | M21: 16 | N21: SIPA1L1, BCR, ECT2, RANGAP1
A22: no_redundant_auto | B22: =VLOOKUP(F22,decisions3!A:B,2,FALSE) -> no_redundant | C22: =IF(L22>0,"EC-side","iPSC-side") -> EC-side | D22: angiogenesis / vasculogenesis | E22: =VLOOKUP(F22,collapsed3!A:J,10,FALSE) -> redundant | F22: GOBP_REGULATION_OF_ENDOTHELIAL_CELL_MIGRATION | G22: Regulation Of Endothelial Cell Migration | H22: 2.5572309e-11 | I22: 2.783972e-09 | J22: 0.86341539 | K22: 0.54364322 | L22: 2.340722 | M22: 135 | N22: THBS1, TGFB1, VASH1, RHOB, ADGRA2, KDR, EFNA1, CEACAM1, ANXA1, NRP1, SPARC, MMRN2, STARD13, FLT4, FOXP1, GADD45A, ATP2B4, SASH1, PLK2, ADAMTS9, TGFBR3, ITGB1BP1, AKT1, TEK, RRAS, TBXA2R, NOTCH1, PIK3CG, HSPB1, PRCP, ETS1, PTPRM, LGMN, ACVRL1, SP100, SEMA5A, VEGFC, DLL4, GRN, NRP2, CD40, P2RX4, CIB1, HDAC7, WNT5A, TMSB4X, ADAM17, GATA3, NFE2L2, RHOA, PPARG, EGF, ZNF580, NOS3, GATA2, BMPER
A23: yes_final | B23: =VLOOKUP(F23,decisions3!A:B,2,FALSE) -> no_redundant | C23: =IF(L23>0,"EC-side","iPSC-side") -> EC-side | D23: angiogenesis / vasculogenesis | E23: =VLOOKUP(F23,collapsed3!A:J,10,FALSE) -> main | F23: GOBP_REGULATION_OF_VASCULATURE_DEVELOPMENT | G23: Regulation Of Vasculature Development | H23: 2.2901014e-14 | I23: 5.7534395e-12 | J23: 0.97599468 | K23: 0.51403332 | L23: 2.3404319 | M23: 206 | N23: COL4A2, THBS1, FLT1, TGFB1, VASH1, RHOB, ITGA5, PLXND1, TSPAN18, ITGB1, ADGRA2, ERAP1, KDR, EFNA1, JAK1, TGFBR2, ENG, TIE1, CEACAM1, NRP1, SPARC, STARD13, HIPK2, GADD45A, ATP2B4, RELA, ADAM10, TGM2, SASH1, PLK2, ADAMTS9, ID1, TEK, MDK, MYDGF, RRAS, TBXA2R, PIK3CG, HSPB1, STIM1, STAB1, ETS1, PTPRM, PPP1R16B, ACVRL1, RECK, SP100, SEMA5A, VEGFC, SULF1, CXCR4, EGLN1, GRN, HSPG2, ROCK2, ADGRG6, FYN, CD40, SERPINE1, SHC1, ANGPTL4, TNFSF12, HOXA5, STAT3, CCM2, WNT5A, EMILIN1, EMILIN2, HMGA2, ECSCR, RUNX1, NFE2L2, BTG1, TNFAIP3, CDH5, PPARG, NOS3, GATA2, BMPER, CLDN5, MTDH
F24: GOBP_ACTIVATION_OF_PROTEIN_KINASE_ACTIVITY | G24: Activation Of Protein Kinase Activity | H24: 0.066235864 | I24: 0.15364086 | J24: 0.22205605 | K24: 0.43172173 | L24: 1.4072979 | M24: 31 | N24: PRKAR1A, TNFRSF1B, LTBR, TNFRSF1A, ITGB1BP1, TNFRSF10B, JAK2, RIPK1, TNFRSF10A, PRKAR2B, PRKAR2A, TRAF6
F25: GOBP_ACTIVIN_RECEPTOR_SIGNALING_PATHWAY | G25: Activin Receptor Signaling Pathway | H25: 0.28821656 | I25: 0.43668907 | J25: 0.097215081 | K25: 0.34991342 | L25: 1.1387431 | M25: 30 | N25: BMPR2, TGFBR2, FKBP1A, ACVRL1, SMAD6, SMAD3, INHBB, DACT1, NOMO1, ACVR1, FSTL3
F26: GOBP_ACTOMYOSIN_STRUCTURE_ORGANIZATION | G26: Actomyosin Structure Organization | H26: 0.019798066 | I26: 0.062976721 | J26: 0.35248786 | K26: 0.31805936 | L26: 1.3861624 | M26: 150 | N26: RHOC, CSRP1, ITGB1, DLC1, PRKAR1A, CFL2, NRP1, AKAP13, PIK3R1, TMOD2, TNFAIP1, ITGB1BP1, SYNPO, CNN3, ARRB1, CFLAR, CDC42, S100A10, PPM1F, ROCK2, CD47, ARHGEF15, PLEC, IQGAP1, PAK2, TMOD3, INPP5K, ZEB2, S1PR1, LIMCH1, ARHGAP28, MYH9, TESK1, FERMT2, SMAD3, WDR1, RHOA, KRT8, ANKRD1, EPB41L4A, PDCD6IP, EDN1
F27: GOBP_ACUTE_INFLAMMATORY_RESPONSE | G27: Acute Inflammatory Response | H27: 0.018259182 | I27: 0.059694182 | J27: 0.35248786 | K27: 0.44298445 | L27: 1.5323381 | M27: 40 | N27: IL6ST, FN1, B4GALT1, LIPA, PRCP, OSMR, STAT3, APOL2, GATA3, IL10RB, PLSCR1, IL6R, ACVR1, EXT1, ASH1L, NPY5R, C2CD4B, CTNNBIP1
F28: GOBP_ACYLGLYCEROL_HOMEOSTASIS | G28: Acylglycerol Homeostasis | H28: 0.32338308 | I28: 0.47404361 | J28: 0.11828753 | K28: -0.33977466 | L28: -1.0953025 | M28: 21 | N28: APOE, SIRT1, SCARB1, APOC1
F29: GOBP_ACYL_COA_BIOSYNTHETIC_PROCESS | G29: Acyl Coa Biosynthetic Process | H29: 0.80285714 | I29: 0.85176452 | J29: 0.07307444 | K29: -0.20480928 | L29: -0.81344355 | M29: 46 | N29: FASN, ELOVL6, GCDH, ACACB, PPT1, PCCA, ELOVL7, ACLY, HACD2, SLC27A2, PDHX, ACSL1, ELOVL5, DLAT, ACSL4, CBR4, HSD17B12
F30: GOBP_ACYL_COA_METABOLIC_PROCESS | G30: Acyl Coa Metabolic Process | H30: 0.56065574 | I30: 0.67571858 | J30: 0.10063339 | K30: -0.21267894 | L30: -0.94819616 | M30: 78 | N30: AASS, FASN, ELOVL6, GCDH, PIPOX, HMGCS1, ACACB, PPT1, HSD17B4, PCCA, ELOVL7, SUCLA2, ACLY, DBT, HACD2, SLC27A2, PDHX, ACSL1, ACOT7, ELOVL5, DLAT, NME1, HMGCR
A31: no_redundant_auto | B31: =VLOOKUP(F31,decisions3!A:B,2,FALSE) -> no_redundant | C31: =IF(L31>0,"EC-side","iPSC-side") -> EC-side | D31: endothelial specification | E31: =VLOOKUP(F31,collapsed3!A:J,10,FALSE) -> redundant | F31: GOBP_ENDOTHELIAL_CELL_DIFFERENTIATION | G31: Endothelial Cell Differentiation | H31: 1.6981369e-09 | I31: 1.1318603e-07 | J31: 0.78818681 | K31: 0.57142377 | L31: 2.3184771 | M31: 94 | N31: RAP1B, BMPR2, KDR, TIE1, CEACAM1, HEG1, PLOD3, NRP1, ADD1, JAG1, BMP6, TNFRSF1A, ID1, MSN, LIPA, KDM6B, RAB1B, FZD4, NOTCH1, RDX, ICAM1, PPP1R16B, ACVRL1, GSTM3, COL18A1, ROCK2, HEY1, TMEM100, MYD88, HOXB5, FSTL1, CCM2, S1PR1, ROBO4, PDE4D, SOX17, GPX1, BTG1, MYADM, CDH5, RAB1A, CLDN5, RAP1A, HEY2, ZDHHC21, SOX18
A32: no_redundant_manual | B32: =VLOOKUP(F32,decisions3!A:B,2,FALSE) -> no_redundant | C32: =IF(L32>0,"EC-side","iPSC-side") -> EC-side | D32: immune / inflammatory response | E32: =VLOOKUP(F32,collapsed3!A:J,10,FALSE) -> main | F32: GOBP_MONONUCLEAR_CELL_MIGRATION | G32: Mononuclear Cell Migration | H32: 2.2641022e-10 | I32: 1.8486394e-08 | J32: 0.8266573 | K32: 0.55500427 | L32: 2.3172247 | M32: 109 | N32: THBS1, FLT1, TGFB1, CD99L2, MMP14, LRCH1, ANXA1, JAM3, MTUS1, CSF1, ADAM10, MSN, STK10, DUSP1, AKT1, TRPM4, MDK, SPNS2, GNAI1, P4HB, PIK3CG, ICAM1, LGMN, CDC42, CXCR4, CREB3, EPS8, MAPK3, APP, MOSPD2, CD47, ITGA4, P2RX4, SERPINE1, PLEC, ABL2, MED23, S1PR1, WNT5A, EMILIN1, ADAM17, GATA3, CD9
F33: GOBP_ADAPTIVE_THERMOGENESIS | G33: Adaptive Thermogenesis | H33: 0.23777174 | I33: 0.38367712 | J33: 0.099233334 | K33: 0.27004447 | L33: 1.1400909 | M33: 115 | N33: EPAS1, TRPV2, CLSTN3, THRA, ID1, LIPA, KDM6B, DECR1, LNPEP, STAT6, NOTCH1, PCTP, RB1, ARRDC3, LAMA4, CXCR4, ZNF516, IP6K1, CAV1, JAK2, GJA1
F34: GOBP_ADENYLATE_CYCLASE_ACTIVATING_G_PROTEIN_COUPLED_RECEPTOR_SIGNALING_PATHWAY | G34: Adenylate Cyclase Activating G Protein Coupled Receptor Signaling Pathway | H34: 0.025779961 | I34: 0.076962846 | J34: 0.35248786 | K34: 0.37444026 | L34: 1.4819278 | M34: 76 | N34: RAP1B, PRKAR1A, CRTC3, FBN1, ATP2B4, ABCA1, TBXA2R, GNAI1, PRKACA, ARRDC3, ADCY6, APP, ADGRG6, GNAI2, GNG2, S1PR1, PDE4D, GPR161, CALCRL, PDE4B, RAP1A, RAMP2, PRKAR2B, GPR4, ADCY7, ADORA2B, ADCY4, PDE3A, PRKAR2A, GNAS, PRKCA, TACR1, ADGRF5, PDE10A, RAPGEF2, PRKACB
F35: GOBP_ADENYLATE_CYCLASE_INHIBITING_G_PROTEIN_COUPLED_RECEPTOR_SIGNALING_PATHWAY | G35: Adenylate Cyclase Inhibiting G Protein Coupled Receptor Signaling Pathway | H35: 0.086538462 | I35: 0.18771194 | J35: 0.19189224 | K35: 0.41106793 | L35: 1.367185 | M35: 33 | N35: PSAP, GNAI1, PRKACA, PALM, CXCR4, ADCY6, APP, ADGRG6, GNAI2, RIC8A, S1PR1, AKAP12
F36: GOBP_ADENYLATE_CYCLASE_MODULATING_G_PROTEIN_COUPLED_RECEPTOR_SIGNALING_PATHWAY | G36: Adenylate Cyclase Modulating G Protein Coupled Receptor Signaling Pathway | H36: 0.016315215 | I36: 0.055160964 | J36: 0.35248786 | K36: 0.35626361 | L36: 1.48087 | M36: 104 | N36: RAP1B, PRKAR1A, GNA11, CRTC3, FBN1, ATP2B4, GRK5, PSAP, ABCA1, TBXA2R, GNAI1, PRKACA, ARRDC3, PALM, CXCR4, ADCY6, APP, ADGRG6, GNAI2, GNG2, RIC8A, S1PR1, PDE4D, AKAP12, GPR161, CALCRL, PDE4B, RAP1A, GNA14, EDN1, RAMP2, PRKAR2B, GPR4, ADCY7, GNAI3, ADORA2B, ADCY4, PDE3A, PRKAR2A, GNAS, PRKCA, TACR1, ADGRF5, PDE10A, RAPGEF2, PRKACB, S1PR3, WASF2
A37: no_biology | B37: =VLOOKUP(F37,decisions3!A:B,2,FALSE) -> no_biology | C37: =IF(L37>0,"EC-side","iPSC-side") -> EC-side | D37: growth factor and hormone signalling | E37: =VLOOKUP(F37,collapsed3!A:J,10,FALSE) -> main | F37: GOBP_CELLULAR_RESPONSE_TO_GROWTH_HORMONE_STIMULUS | G37: Cellular Response To Growth Hormone Stimulus | H37: 3.54635e-07 | I37: 1.0434576e-05 | J37: 0.67496286 | K37: 0.79511845 | L37: 2.3133031 | M37: 19 | N37: JAK1, LEPROT, PIK3R1, GDF15, TYK2, STAT6, JAK3, JAK2, PTPN1, STAT3, SHOC2
F38: GOBP_ADIPOSE_TISSUE_DEVELOPMENT | G38: Adipose Tissue Development | H38: 0.11958146 | I38: 0.23498981 | J38: 0.15524197 | K38: 0.33803772 | L38: 1.274225 | M38: 60 | N38: LPL, CSF1, PIK3CA, LIPA, TRPM4, PRKAA1, ARRDC3, ZNF516, FOSL2, HMGA2, VPS13B, PPARG, ARID5B, COL6A1, FTO, ERRFI1, ACAT1, SPTLC2, DYRK1B, PPARGC1A, ABHD15, KLF7, ID2, CUL4B, WDTC1, PPARD
F39: GOBP_ADRENAL_GLAND_DEVELOPMENT | G39: Adrenal Gland Development | H39: 0.11413969 | I39: 0.22744371 | J39: 0.17093234 | K39: 0.49537718 | L39: 1.3693531 | M39: 16 | N39: TSPO, DKK3, NR3C1, MDK, HMGA2, SMAD3, ARID5B
A40: yes_final | B40: =VLOOKUP(F40,decisions3!A:B,2,FALSE) -> no_redundant | C40: =IF(L40>0,"EC-side","iPSC-side") -> EC-side | D40: immune / inflammatory response | E40: =VLOOKUP(F40,collapsed3!A:J,10,FALSE) -> main | F40: GOBP_POSITIVE_REGULATION_OF_INFLAMMATORY_RESPONSE | G40: Positive Regulation Of Inflammatory Response | H40: 1.6114724e-08 | I40: 7.9743468e-07 | J40: 0.73376199 | K40: 0.5811023 | L40: 2.3098387 | M40: 79 | N40: TGFB1, LPL, LGALS1, NLRP1, IL6ST, IL17RA, PDCD4, NFKBIA, TNFRSF1A, CARD8, MDK, NEAT1, OSMR, MGST2, ETS1, GRN, MAPK3, APP, HYAL2, SNX4, CD47, SNCA, SERPINE1, TNIP1, IFI35, STAT3, WNT5A, RIPK1, GBP2, NMI, GNA14, TRADD, IL1RAP, IL1RL1, LDLR, GPR4, CD81, MAPK13, ADORA2B, VAMP8, TLR4, IL16, NPY5R, C2CD4B, ZDHHC5, MAPK1, NFKBIZ, IL33
F41: GOBP_ADULT_BEHAVIOR | G41: Adult Behavior | H41: 0.64357864 | I41: 0.73907449 | J41: 0.050908287 | K41: 0.22547146 | L41: 0.90123325 | M41: 85 | N41: HIPK2, TUBA1A, ATXN1, SHANK3, WDR47, NCSTN, CTNS, EPS8, SNCG, APP, BBS2, SNCA, PTEN, CLCN3, CNP, HEXA, BTBD9, PPARA, TPGS1, HOXB8, HTRA2, ARCN1, OXR1, RNF170, CSTB, FKRP, MECP2, NAGLU, RNF180
F42: GOBP_ADULT_LOCOMOTORY_BEHAVIOR | G42: Adult Locomotory Behavior | H42: 0.13082707 | I42: 0.25104654 | J42: 0.1482615 | K42: 0.34661891 | L42: 1.266297 | M42: 51 | N42: HIPK2, TUBA1A, ATXN1, WDR47, CTNS, EPS8, SNCG, APP, SNCA, CLCN3, CNP, HEXA, BTBD9, HOXB8, HTRA2, ARCN1, OXR1, RNF170, CSTB, FKRP, MECP2
F43: GOBP_AGGREPHAGY | G43: Aggrephagy | H43: 0.66609881 | I43: 0.75485035 | J43: 0.057005953 | K43: 0.30740092 | L43: 0.84973719 | M43: 16 | N43: SQSTM1, BAG3, HSPB8, ATG4A, WDR81, WDFY3, HDAC6
F44: GOBP_ALCOHOL_BIOSYNTHETIC_PROCESS | G44: Alcohol Biosynthetic Process | H44: 0.14902507 | I44: 0.27560355 | J44: 0.13214726 | K44: 0.29538008 | L44: 1.2141048 | M44: 99 | N44: DAB2, ASAH1, DKK3, MBTPS1, BMP6, CYB5R3, LIPA, GNAI1, PRKACA, PRKAA1, H6PD, ITPKB, SCP2, SEC14L2, IP6K1, SNCA, MBTPS2
F45: GOBP_ALCOHOL_CATABOLIC_PROCESS | G45: Alcohol Catabolic Process | H45: 0.11057692 | I45: 0.22292854 | J45: 0.20895503 | K45: -0.43665547 | L45: -1.3562845 | M45: 19 | N45: APOE, SORD, ALDH1B1, SCARB1, GPD2, AKR1C3
F46: GOBP_ALCOHOL_METABOLIC_PROCESS | G46: Alcohol Metabolic Process | H46: 0.20197044 | I46: 0.34019364 | J46: 0.10319747 | K46: 0.24856756 | L46: 1.1337885 | M46: 212 | N46: DAB2, ASAH1, DKK3, MBTPS1, BMP6, CYB5R3, LIPA, SOAT1, ABCA1, GNAI1, PRKACA, SMPD1, PRKAA1, H6PD, ITPKB, NFE2L1, SCP2, CYP1A1, SNX17, ACADVL, SYNJ1, SEC14L2, ABCA5, IP6K1, SNCA, SULT1C4, CES2, MBTPS2, CAT, NUDT4, ALDH2, APOL2, RETSAT, LIMA1, SULT1A1, IDH2, HDLBP, PMVK, NOS3, MVK, CUBN, AKR7A2, OSBPL5, IDH3G, CCDC3, LDLR, LMF1, ERRFI1, FKRP, NAAA, ERLIN1, SPHK1, CYP27A1, SPTLC2, MECP2
F47: GOBP_ALDEHYDE_METABOLIC_PROCESS | G47: Aldehyde Metabolic Process | H47: 0.71908397 | I47: 0.79587158 | J47: 0.048408762 | K47: 0.23594371 | L47: 0.85164906 | M47: 48 | N47: DAB2, DKK3, BMP6, HAGH, ABCA4, ALDH2, ESD, IDH2, GLYCTK, AKR7A2
A48: no_redundant_manual | B48: =VLOOKUP(F48,decisions3!A:B,2,FALSE) -> yes_apriori | C48: =IF(L48>0,"EC-side","iPSC-side") -> EC-side | D48: angiogenesis / vasculogenesis | E48: =VLOOKUP(F48,collapsed3!A:J,10,FALSE) -> main | F48: GOBP_BLOOD_VESSEL_MORPHOGENESIS | G48: Blood Vessel Morphogenesis | H48: 3.9897775e-21 | I48: 3.2576534e-18 | J48: 1.186651 | K48: 0.46891468 | L48: 2.2842647 | M48: 452 | N48: COL4A1, COL4A2, THBS1, FLT1, TGFB1, VASH1, ANXA2, PARVA, RHOB, ITGA5, EFNB2, EPAS1, PLXND1, UNC5B, ELK3, TSPAN18, ITGB1, SAT1, ADGRA2, BMPR2, ERAP1, KDR, EFNA1, MMP14, JAK1, TGFBR2, ENG, TIE1, JUN, EFEMP2, PXDN, THSD7A, CEACAM1, HEG1, ANXA1, NRP1, SPARC, MMRN2, JAM3, STARD13, FLT4, JAG1, JUNB, HIPK2, FN1, B4GALT1, PIK3CA, EGFL7, POFUT1, GADD45A, ATP2B4, RELA, TGM2, FZD8, SASH1, PLK2, ADAMTS9, ID1, NGFR, MCAM, TGFBR3, CUL7, ITGB1BP1, AKT1, TEK, MDK, LOXL2, FZD4, MYDGF, RRAS, TBXA2R, NOTCH1, PIK3CG, HSPB1, PRCP, STIM1, CDH13, STAB1, ETS1, PTPRM, PPP1R16B, ACVRL1, RECK, SP100, SEMA5A, VEGFC, PTPRB, ZMIZ1, SULF1, MYLK, NRARP, COL18A1, HS6ST1, DLL4, EGLN1, GRN, HSPG2, RASIP1, NRP2, ROCK2, ADGRG6, FYN, EPHB4, TNFAIP2, CD47, HEY1, TMEM100, NEDD4, CD40, ANPEP, CIB1, CAV1, PKD2, MEIS1, SERPINE1, SHC1, CLEC14A, ANGPTL4, TNFSF12, ITGAV, FKBP10, ADAM15, HOXA5, ZFPM2, TGFBI, HDAC7, STAT3, CCM2, S1PR1, ADGRG1, WNT5A, EMILIN1, EMILIN2, ROBO4, HMGA2, ECSCR, MYH9, RUNX1, SOX17, GPX1, NFE2L2, BTG1, RNF213, TNFAIP3, CDH5, RHOA, PPARG, EGF, NOS3, GATA2, BMPER, CALCRL, CLDN5, MTDH, RAP1A, HEY2, FMNL3, PIK3R3, EHD4, EDN1, SOX18, RAMP2, PRDM1, EPHA2, ESM1, CASP8, HHEX, LDLR, GPR4, MICALL1, SHB, PDGFB, PML, MYO1E, NOTCH4, PDPK1, SPHK1, LOX, ELMO2, HOXB3, EMC10, MECP2, RIN2, PGF, TAL1, CD93, NAGLU, TYMP, COL15A1, EPN2, ARHGAP24, NPR1, ACVR1, PRKCA, MMRN1, SLC12A6, KLF2, CREB3L1, PDGFRB, ADGRF5, VPS4B, VEGFB, NPR3, SEC24B, CCL2, NR2F2, HOXA3, NPR2, FOXJ2, MAPK14, RAPGEF2, IGFBP7, HES1, HAS2, ECM1, FOXF1, APOLD1
A49: no_biology | B49: =VLOOKUP(F49,decisions3!A:B,2,FALSE) -> no_biology | C49: =IF(L49>0,"EC-side","iPSC-side") -> EC-side | D49: protein processing and secretion | E49: =VLOOKUP(F49,collapsed3!A:J,10,FALSE) -> main | F49: GOBP_SIGNALING_RECEPTOR_LIGAND_PRECURSOR_PROCESSING | G49: Signaling Receptor Ligand Precursor Processing | H49: 8.3032571e-07 | I49: 2.118628e-05 | J49: 0.6594444 | K49: 0.71075794 | L49: 2.2640466 | M49: 28 | N49: FURIN, ECE1, CTSL, ADAM10, P4HB, YIPF5, ACE, PRCP, CTSZ, BACE1, PCSK7, ANPEP, ADAM17, ATP6AP2, HID1
A50: yes_final | B50: yes_apriori | C50: =IF(L50>0,"EC-side","iPSC-side") -> EC-side | D50: VEGF signaling and endothelial response | E50: =VLOOKUP(F50,collapsed3!A:J,10,FALSE) -> main | F50: GOBP_CELLULAR_RESPONSE_TO_VASCULAR_ENDOTHELIAL_GROWTH_FACTOR_STIMULUS | G50: Cellular Response To Vascular Endothelial Growth Factor Stimulus | H50: 2.4905317e-07 | I50: 7.7448679e-06 | J50: 0.67496286 | K50: 0.61671711 | L50: 2.2629834 | M50: 52 | N50: FLT1, ITGA5, ITGB1, ADGRA2, KDR, CD63, ANXA1, NRP1, FLT4, MYO1C, PIK3CA, ATP2B4, RELA, ITGB1BP1, AKT1, NOTCH1, HSPB1, VEGFC, DLL4, NRP2, ADAMTS12
A51: yes_final | B51: =VLOOKUP(F51,decisions3!A:B,2,FALSE) -> no_redundant | C51: =IF(L51>0,"EC-side","iPSC-side") -> EC-side | D51: cell adhesion and cell-matrix interaction | E51: =VLOOKUP(F51,collapsed3!A:J,10,FALSE) -> main | F51: GOBP_INTEGRIN_MEDIATED_SIGNALING_PATHWAY | G51: Integrin Mediated Signaling Pathway | H51: 1.9311409e-08 | I51: 9.0101516e-07 | J51: 0.73376199 | K51: 0.56565094 | L51: 2.2609666 | M51: 85 | N51: ITGA3, ITGA5, DAB2, ITGB1, CD63, TLN1, NID1, LAMB1, ITGA1, ITGA2, CEACAM1, NRP1, LAMB2, FN1, LIMS1, ADAM10, ADAM9, ITGB1BP1, LAMC1, SLC2A10, PLAU, CDC42, TIMP1, CD47, ITGA4, ITGA8, SERPINE1, BST1, ITGAV, ADAM15, CCM2, MYH9, DOCK1, FERMT2
F52: GOBP_ALPHA_BETA_T_CELL_PROLIFERATION | G52: Alpha Beta T Cell Proliferation | H52: 0.26845638 | I52: 0.41813663 | J52: 0.10473282 | K52: 0.39438009 | L52: 1.1674216 | M52: 20 | N52: TGFBR2, ELF4, TWSG1, IRF1, SH3RF1, CBLB, CD81, ITCH
A53: no_redundant_auto | B53: =VLOOKUP(F53,decisions3!A:B,2,FALSE) -> no_redundant | C53: =IF(L53>0,"EC-side","iPSC-side") -> EC-side | D53: angiogenesis / vasculogenesis | E53: =VLOOKUP(F53,collapsed3!A:J,10,FALSE) -> redundant | F53: GOBP_BLOOD_VESSEL_ENDOTHELIAL_CELL_MIGRATION | G53: Blood Vessel Endothelial Cell Migration | H53: 3.3209341e-09 | I53: 2.1267001e-07 | J53: 0.77493903 | K53: 0.55161643 | L53: 2.2600123 | M53: 97 | N53: THBS1, TGFB1, VASH1, EFNB2, ITGB1, KDR, EFNA1, ANXA1, NRP1, MMRN2, STARD13, GADD45A, ATP2B4, PLK2, ID1, TGFBR3, ITGB1BP1, AKT1, TBXA2R, NOTCH1, HSPB1, PRCP, ETS1, ACVRL1, VEGFC, DLL4, EPHB4, CD40, P2RX4, CIB1, CLEC14A, HDAC7, TMSB4X, ADAM17, MYH9, GPX1, NFE2L2, CDH5, RHOA, PPARG, NOS3, GATA2, PIK3R3, EHD4, SOX18, EPHA2, MICALL1, PDGFB, MEF2C, PDPK1
A54: no_redundant_auto | B54: =VLOOKUP(F54,decisions3!A:B,2,FALSE) -> no_redundant | C54: =IF(L54>0,"EC-side","iPSC-side") -> EC-side | D54: angiogenesis / vasculogenesis | E54: =VLOOKUP(F54,collapsed3!A:J,10,FALSE) -> redundant | F54: GOBP_POSITIVE_REGULATION_OF_ENDOTHELIAL_CELL_MIGRATION | G54: Positive Regulation Of Endothelial Cell Migration | H54: 2.0227512e-08 | I54: 9.1754243e-07 | J54: 0.73376199 | K54: 0.55592574 | L54: 2.2549135 | M54: 88 | N54: THBS1, TGFB1, RHOB, ADGRA2, KDR, ANXA1, NRP1, SPARC, FLT4, FOXP1, SASH1, PLK2, TGFBR3, ITGB1BP1, AKT1, TEK, RRAS, PIK3CG, HSPB1, ETS1, LGMN, SEMA5A, VEGFC, GRN, NRP2, CD40, P2RX4, CIB1, HDAC7, WNT5A, TMSB4X, ADAM17, GATA3, NFE2L2, EGF, ZNF580, NOS3, GATA2
F55: GOBP_AMIDE_BIOSYNTHETIC_PROCESS | G55: Amide Biosynthetic Process | H55: 0.92633015 | I55: 0.94763713 | J55: 0.031420922 | K55: 0.18016283 | L55: 0.76562541 | M55: 124 | N55: ELOVL1, ASAH1, PAM, DEGS1, ST3GAL2, ST3GAL5, SMPD1, MGST2, PRKAA1, ST6GALNAC6, HAGH, SNCA, VAPA, PDP1, NFE2L2, DIP2A, SGMS1, ST3GAL1, ACAT1, ASL, OGDH, GSS, SPHK1, SPTLC2, PDK4, CERS5, ST3GAL3, ORMDL2, ST6GALNAC3
F56: GOBP_AMIDE_METABOLIC_PROCESS | G56: Amide Metabolic Process | H56: 0.031839623 | I56: 0.090472616 | J56: 0.2765006 | K56: 0.2726779 | L56: 1.2931569 | M56: 318 | N56: FURIN, ECE1, ELOVL1, NAGK, EFNA1, SCARB2, GSTO1, ASAH1, CTSL, GALC, PAM, RELA, ADAM10, GSTK1, HEXB, DEGS1, ST3GAL2, P4HB, YIPF5, ACE, ST3GAL5, PRCP, SMPD1, MGST2, PRKAA1, NCSTN, CTNS, GSTM3, PICALM, NFE2L1, ACSF2, PRNP, CROT, ST6GALNAC6, CTSZ, ROCK2, BACE1, GLB1, PLA2G15, ARL6IP5, HAGH, PCSK7, SNCA, ANPEP, IFNGR1, FAR2, VAPA, ACOT9, PDP1, APH1A, GSTM2, ATP6AP2, HID1, GPX1, NFE2L2, HEXA, AMDHD2, DIP2A, RENBP, PMVK, MVK, GNPDA2, SGMS1, BECN1, ST3GAL1
F57: GOBP_AMIDE_TRANSPORT | G57: Amide Transport | H57: 0.74299065 | I57: 0.81184593 | J57: 0.10512513 | K57: -0.18239752 | L57: -0.92495962 | M57: 177 | N57: ACVR2B, MGST1, CHD7, PDPN, UCP2, GNAO1, PASK, SLC16A1, VSNL1, SLC5A6, SLC38A5, BRSK2, PFKFB2, SOX4, CD74, GAL, SLC16A2, SYT7, IRS2, GNAZ, SLC25A22, SLC19A2, RIMS2, TUNAR, SLC25A39, SLC15A3, SREBF1, RAB3A, SLC13A3
F58: GOBP_AMINE_BIOSYNTHETIC_PROCESS | G58: Amine Biosynthetic Process | H58: 0.21824104 | I58: 0.3601694 | J58: 0.11623415 | K58: 0.38930969 | L58: 1.1986539 | M58: 24 | N58: SAT1, ATP7A, SNCA, VPS35, ALDH2, GATA3, SAT2, OAZ2, SMOX, KL
F59: GOBP_AMINE_METABOLIC_PROCESS | G59: Amine Metabolic Process | H59: 0.027067009 | I59: 0.079249552 | J59: 0.35248786 | K59: 0.40693311 | L59: 1.4776882 | M59: 50 | N59: EPAS1, SAT1, COMT, ATP2B4, CYP1A1, SNCAIP, ATP7A, SNCA, VPS35, ALDH2, HNMT, GATA3, SULT1A1, SAT2, SLC44A1, OAZ2, SMOX, MECP2, NPR1, RNF180, KL
F60: GOBP_AMINE_TRANSPORT | G60: Amine Transport | H60: 0.63360882 | I60: 0.73045054 | J60: 0.08359906 | K60: -0.24874093 | L60: -0.90566359 | M60: 35 | N60: RAB3B, FLVCR1, SLC7A5, CXCL12, SLC43A1, SLC18A2, ABAT, ATP1A2
F61: GOBP_AMINOGLYCAN_BIOSYNTHETIC_PROCESS | G61: Aminoglycan Biosynthetic Process | H61: 0.02203609 | I61: 0.067704486 | J61: 0.35248786 | K61: 0.48890438 | L61: 1.5910693 | M61: 30 | N61: TGFB1, EXT2, NFKB1, B3GALT6, B4GALT7, B3GAT3, UXS1, HEXA, EGF, PDGFB, B3GNT8, B4GAT1, HS3ST3B1, EXT1, HAS2
A62: no_biology | B62: =VLOOKUP(F62,decisions3!A:B,2,FALSE) -> no_biology | C62: =IF(L62>0,"EC-side","iPSC-side") -> EC-side | D62: protein processing and secretion | E62: =VLOOKUP(F62,collapsed3!A:J,10,FALSE) -> main | F62: GOBP_REGULATION_OF_PROTEIN_MATURATION | G62: Regulation Of Protein Maturation | H62: 4.7079244e-07 | I62: 1.2707505e-05 | J62: 0.67496286 | K62: 0.64817999 | L62: 2.242135 | M62: 40 | N62: THBS1, FURIN, ANXA2, MMP14, GSN, RPS6KA2, AKT1, PRKACA, PLAU, S100A10, PRNP, CTSZ, PLAUR, SERPINE1, MYH9, RUNX1
A63: no_redundant_auto | B63: =VLOOKUP(F63,decisions3!A:B,2,FALSE) -> no_redundant | C63: =IF(L63>0,"EC-side","iPSC-side") -> EC-side | D63: extracellular matrix organization / remodelling | E63: =VLOOKUP(F63,collapsed3!A:J,10,FALSE) -> redundant | F63: GOBP_COLLAGEN_BIOSYNTHETIC_PROCESS | G63: Collagen Biosynthetic Process | H63: 2.0692797e-06 | I63: 4.3322228e-05 | J63: 0.62725674 | K63: 0.66689378 | L63: 2.2394627 | M63: 34 | N63: VIM, F2R, TGFB1, PLOD1, ITGA2, PLOD3, NOTCH1, P3H4, TRAM2, COL5A1, COL1A1, FOSL2, EMILIN1, RUNX1, RAP1A, CYGB, RCN3, P3H3, ERRFI1, IL6R, PLOD2, TMEM131, CREB3L1
A64: no_redundant_auto | B64: =VLOOKUP(F64,decisions3!A:B,2,FALSE) -> no_redundant | C64: =IF(L64>0,"EC-side","iPSC-side") -> EC-side | D64: hemostasis / coagulation | E64: =VLOOKUP(F64,collapsed3!A:J,10,FALSE) -> redundant | F64: GOBP_REGULATION_OF_COAGULATION | G64: Regulation Of Coagulation | H64: 5.8030724e-07 | I64: 1.5162268e-05 | J64: 0.6594444 | K64: 0.62071394 | L64: 2.2385314 | M64: 47 | N64: F2R, THBS1, TFPI, ANXA2, CEACAM1, ANXA5, TBXA2R, PLAU, PROS1, SH2B3, PLAUR, SERPING1, CAV1, SERPINE1, THBD, EMILIN1, EMILIN2, CD9, NFE2L2, NOS3, EDN1, PSEN1, ST3GAL4, PDGFB, PROCR
A65: no_redundant_auto | B65: =VLOOKUP(F65,decisions3!A:B,2,FALSE) -> no_biology | C65: =IF(L65>0,"EC-side","iPSC-side") -> EC-side | D65: immune / inflammatory response | E65: =VLOOKUP(F65,collapsed3!A:J,10,FALSE) -> redundant | F65: GOBP_REGULATION_OF_MONONUCLEAR_CELL_MIGRATION | G65: Regulation Of Mononuclear Cell Migration | H65: 6.5097082e-08 | I65: 2.3778255e-06 | J65: 0.70497572 | K65: 0.56524574 | L65: 2.2370815 | M65: 76 | N65: THBS1, TGFB1, CD99L2, MMP14, LRCH1, JAM3, MTUS1, CSF1, ADAM10, MSN, STK10, DUSP1, AKT1, MDK, SPNS2, P4HB, LGMN, CREB3, MAPK3, APP, MOSPD2, CD47, ITGA4, P2RX4, SERPINE1, ABL2, MED23, WNT5A, EMILIN1, ADAM17, CD9, RHOA
A66: no_biology | B66: =VLOOKUP(F66,decisions3!A:B,2,FALSE) -> no_biology | C66: =IF(L66>0,"EC-side","iPSC-side") -> EC-side | D66: protein and glycoprotein metabolism | E66: =VLOOKUP(F66,collapsed3!A:J,10,FALSE) -> main | F66: GOBP_GLYCOPROTEIN_CATABOLIC_PROCESS | G66: Glycoprotein Catabolic Process | H66: 2.640501e-06 | I66: 5.3564448e-05 | J66: 0.62725674 | K66: 0.65401919 | L66: 2.2234434 | M66: 35 | N66: SULF2, GNS, MAN2B2, CTSL, CST3, HGSNAT, EDEM3, HEXB, SGSH, EDEM1, MAN1A1, IDS, SULF1, ARSB, ADAMTS12, GLB1, GUSB, HEXA, MAN2B1, EDEM2, GPC1
A67: yes_final | B67: =VLOOKUP(F67,decisions3!A:B,2,FALSE) -> no_redundant | C67: =IF(L67>0,"EC-side","iPSC-side") -> EC-side | D67: extracellular matrix organization / remodelling | E67: =VLOOKUP(F67,collapsed3!A:J,10,FALSE) -> main | F67: GOBP_REGULATION_OF_EXTRACELLULAR_MATRIX_ORGANIZATION | G67: Regulation Of Extracellular Matrix Organization | H67: 1.0490609e-06 | I67: 2.4473092e-05 | J67: 0.64355184 | K67: 0.61418106 | L67: 2.2149713 | M67: 47 | N67: TGFB1, TIMP3, TNFRSF1B, NID1, TIE1, LAMB1, EFEMP2, CST3, LAMB2, TNFRSF1A, TGFBR3, NOTCH1, LAMC1, RB1, CFLAR, SLC2A10, RECK, FSCN1, ZNF469, STAT3, EMILIN1, COLGALT1, RUNX1, SMAD3, PPARG, COL6A1, IER3IP1
A68: yes_final | B68: =VLOOKUP(F68,decisions3!A:B,2,FALSE) -> no_redundant | C68: =IF(L68>0,"EC-side","iPSC-side") -> EC-side | D68: endothelial growth and expansion | E68: =VLOOKUP(F68,collapsed3!A:J,10,FALSE) -> main | F68: GOBP_ENDOTHELIAL_CELL_PROLIFERATION | G68: Endothelial Cell Proliferation | H68: 8.7439632e-09 | I68: 4.7984746e-07 | J68: 0.74773966 | K68: 0.52956795 | L68: 2.2110243 | M68: 109 | N68: THBS1, FLT1, VASH1, BMPR2, KDR, MMP14, ENG, TIE1, JUN, NRP1, SPARC, MMRN2, FLT4, BMP6, EGFL7, NGFR, LIPA, ITGB1BP1, AKT1, TEK, MDK, LOXL2, MYDGF, CDH13, PTPRM, PPP1R16B, ACVRL1, SEMA5A, SULF1, NRARP, DLL4, NRP2, CAV2, ITGA4, CAV1, TNFSF12, ZEB2, STAT3, WNT5A, ADAM17, CYBA, PPARG, EGF, ZNF580, GATA2, POLD4, BMPER
A69: no_redundant_auto | B69: =VLOOKUP(F69,decisions3!A:B,2,FALSE) -> no_redundant | C69: =IF(L69>0,"EC-side","iPSC-side") -> EC-side | D69: angiogenesis / vasculogenesis | E69: =VLOOKUP(F69,collapsed3!A:J,10,FALSE) -> redundant | F69: GOBP_CELL_MIGRATION_INVOLVED_IN_SPROUTING_ANGIOGENESIS | G69: Cell Migration Involved In Sprouting Angiogenesis | H69: 9.8240055e-07 | I69: 2.3766816e-05 | J69: 0.64355184 | K69: 0.61055093 | L69: 2.2038101 | M69: 48 | N69: THBS1, EFNB2, ITGB1, KDR, ANXA1, NRP1, MMRN2, STARD13, PLK2, TGFBR3, ITGB1BP1, AKT1, TBXA2R, NOTCH1, DLL4, EPHB4, CIB1, CLEC14A, HDAC7, CDH5, RHOA, GATA2, PIK3R3, EHD4
A70: no_biology | B70: =VLOOKUP(F70,decisions3!A:B,2,FALSE) -> no_biology | C70: =IF(L70>0,"EC-side","iPSC-side") -> EC-side | D70: vesicle and organelle organization | E70: =VLOOKUP(F70,collapsed3!A:J,10,FALSE) -> main | F70: GOBP_VACUOLE_ORGANIZATION | G70: Vacuole Organization | H70: 1.5042413e-11 | I70: 1.75459e-09 | J70: 0.86341539 | K70: 0.48275323 | L70: 2.1996411 | M70: 211 | N70: ANXA2, ATP6AP1, RALB, LAMP2, SCARB2, PIK3C2B, TPP1, AP5Z1, MBTPS1, FEZ2, LAMP1, HEXB, LIPA, WIPI1, TP53INP2, TCIRG1, RAB1B, STX12, ABCA1, VPS11, CLN5, WDR45, TMEM165, SH3GLB1, MAP1LC3A, BAG3, TP53INP1, ARSB, GRN, FEZ1, LYST, SNX7, SNX4, ACP2, CHMP6, CTSD, SRPX, RAB7A, VPS35, HPS1, GUSB, ULK2, SNAPIN, PI4KB, AP5S1, VPS16, NAGPA, RAB14, MCOLN1, ATP6AP2, HID1, LAMTOR1, ATP6V1F, HEXA, SNX18, ARL8B, BECN1, TMEM175, ATG4A, RAB1A, ATP6V1H, CHMP2A, GABARAP, ATG7, BNIP3, PSEN1, MTM1, GNPTAB, VIPAS39, GABARAPL2, PACS2, TFEB, CHMP1A, HOOK3, VMP1, ATG12, TREX1, NAGLU, MTMR3, IFT88, ZFYVE26, TBC1D12, TRAF6, MFSD8, EXT1, NSFL1C, VPS18, ATG9A, CHMP4B, VPS4B, PIK3C3, MAP1LC3B, NPR2, ATG16L2, PHF23, MYO7A, AKTIP, FLCN
F71: GOBP_AMINO_SUGAR_METABOLIC_PROCESS | G71: Amino Sugar Metabolic Process | H71: 0.074313409 | I71: 0.16692407 | J71: 0.20895503 | K71: 0.42558956 | L71: 1.3873086 | M71: 31 | N71: NAGK, HEXB, UAP1L1, CTBS, AMDHD2, RENBP, GNPDA2, ST3GAL1, CSGALNACT1, CHST2, PGM3
A72: no_biology | B72: =VLOOKUP(F72,decisions3!A:B,2,FALSE) -> no_biology | C72: =IF(L72>0,"EC-side","iPSC-side") -> EC-side | D72: protein trafficking and secretion | E72: =VLOOKUP(F72,collapsed3!A:J,10,FALSE) -> main | F72: GOBP_ENDOPLASMIC_RETICULUM_TO_GOLGI_VESICLE_MEDIATED_TRANSPORT | G72: Endoplasmic Reticulum To Golgi Vesicle Mediated Transport | H72: 1.3069406e-08 | I72: 6.884626e-07 | J72: 0.74773966 | K72: 0.51566669 | L72: 2.1900678 | M72: 121 | N72: SEC23A, TEX261, BCAP29, SEC31A, RAB1B, TMED4, YIPF5, ATL3, TMED3, TRAPPC1, SHISA5, COPA, TMED9, ERGIC3, TMED5, USE1, COPG1, MCFD2, COPB1, TRIP11, CSNK1D, VAPA, COPE, STX5, SEC24C, RAB2A, GOSR2, CREB3L2, TRAPPC9, LMAN2, RAB1A, YIF1A, RABGGTA, IER3IP1, TBC1D20, ARF4, PEF1, TFG, ARCN1, LMAN2L, COPB2, YIPF4, WHAMM, LMF1, SEC22C, GBF1, SEC16A, RAB29, SEC13, TMED1, VTI1A, TRAPPC3, STX18, TMED10, SEC24B, GOPC, SEC22A, PDCD6, COG3, SEC24D, YKT6
F73: GOBP_AMYLOID_BETA_CLEARANCE | G73: Amyloid Beta Clearance | H73: 0.27296588 | I73: 0.42215979 | J73: 0.13427345 | K73: -0.33110463 | L73: -1.1550305 | M73: 28 | N73: APOE, INSR, CLU, PLA2G3
F74: GOBP_AMYLOID_BETA_FORMATION | G74: Amyloid Beta Formation | H74: 0.25669291 | I74: 0.40480881 | J74: 0.10357633 | K74: 0.33916278 | L74: 1.1536965 | M74: 36 | N74: EFNA1, RELA, NCSTN, PICALM, PRNP, ROCK2, BACE1, IFNGR1, APH1A
F75: GOBP_AMYLOID_BETA_METABOLIC_PROCESS | G75: Amyloid Beta Metabolic Process | H75: 0.33486239 | I75: 0.48573746 | J75: 0.086286563 | K75: 0.30298272 | L75: 1.0926713 | M75: 47 | N75: EFNA1, RELA, ACE, NCSTN, PICALM, PRNP, ROCK2, BACE1, IFNGR1, APH1A, BECN1, PSEN1, LDLR
F76: GOBP_AMYLOID_FIBRIL_FORMATION | G76: Amyloid Fibril Formation | H76: 0.051529791 | I76: 0.12965816 | J76: 0.25296112 | K76: 0.45793786 | L76: 1.4587141 | M76: 28 | N76: FURIN, B2M, GSN, FKBP1A, HSPG2, APP, BACE1, SNCA, PFDN1, RIPK1, PSEN1, LDLR, PFDN5
A77: no_redundant_auto | B77: =VLOOKUP(F77,decisions3!A:B,2,FALSE) -> no_redundant | C77: =IF(L77>0,"EC-side","iPSC-side") -> EC-side | D77: endothelial specification | E77: =VLOOKUP(F77,collapsed3!A:J,10,FALSE) -> redundant | F77: GOBP_ENDOTHELIAL_CELL_DEVELOPMENT | G77: Endothelial Cell Development | H77: 1.1770768e-06 | I77: 2.6722053e-05 | J77: 0.64355184 | K77: 0.58241523 | L77: 2.1886757 | M77: 58 | N77: RAP1B, HEG1, PLOD3, ADD1, TNFRSF1A, ID1, MSN, RAB1B, RDX, ICAM1, PPP1R16B, GSTM3, COL18A1, ROCK2, MYD88, CCM2, ROBO4, PDE4D, GPX1, MYADM, CDH5, RAB1A, CLDN5, RAP1A, ZDHHC21, SOX18
F78: GOBP_AMYLOID_PRECURSOR_PROTEIN_METABOLIC_PROCESS | G78: Amyloid Precursor Protein Metabolic Process | H78: 0.020411009 | I78: 0.063914052 | J78: 0.35248786 | K78: 0.38645276 | L78: 1.4747719 | M78: 64 | N78: EFNA1, ITM2B, FKBP1A, RELA, ADAM10, ADAM9, SOAT1, ADAM19, NCSTN, PICALM, PRNP, APP, ROCK2, BACE1, IFNGR1, APH1A, ADAM17
F79: GOBP_ANAPHASE_PROMOTING_COMPLEX_DEPENDENT_CATABOLIC_PROCESS | G79: Anaphase Promoting Complex Dependent Catabolic Process | H79: 0.98852459 | I79: 0.99217004 | J79: 0.037070539 | K79: 0.16675288 | L79: 0.50884711 | M79: 23 | N79: AKT1, FZR1
F80: GOBP_ANATOMICAL_STRUCTURE_MATURATION | G80: Anatomical Structure Maturation | H80: 0.24380704 | I80: 0.39071334 | J80: 0.095287985 | K80: 0.25850283 | L80: 1.1266039 | M80: 150 | N80: TGFB1, EPAS1, KDR, DCHS1, RPS6KA2, SIRT2, RAC2, PRKACA, CLN5, RB1, ACVRL1, RECK, APP, ADAMTS12, MBTPS2, HOXA5, S1PR1, WNT5A, GATA3, ATP6AP2, FAM210B, HID1, CDH5, RHOA, PPARG, BNC1, RXRA, GATA2, TDRD7, IER3IP1, EDN1, SOX18, THBS3, ARCN1, SNX19, SHB, DDIT3, TMEM79, PDE3A, MECP2, TAL1, LYL1, EXT1, KLF2, BMP2, BFSP1, ID2, NPR2, ABHD2, HES1, MTCH1
F81: GOBP_ANDROGEN_RECEPTOR_SIGNALING_PATHWAY | G81: Androgen Receptor Signaling Pathway | H81: 0.80681818 | I81: 0.85498643 | J81: 0.045953808 | K81: 0.23281553 | L81: 0.79069543 | M81: 38 | N81: DAB2, FOXP1, RNF14, PRMT2, ZMIZ1, RNF6
F82: GOBP_ANGIOGENESIS_INVOLVED_IN_WOUND_HEALING | G82: Angiogenesis Involved In Wound Healing | H82: 0.10631229 | I82: 0.21728157 | J82: 0.17520405 | K82: 0.44559689 | L82: 1.3527211 | M82: 22 | N82: KDR, B4GALT1, MCAM, PRCP, SERPINE1, GPX1, TNFAIP3, GATA2, GPR4, VEGFB, NPR2, FOXC2
F83: GOBP_ANIMAL_ORGAN_FORMATION | G83: Animal Organ Formation | H83: 0.3296 | I83: 0.47971194 | J83: 0.089710465 | K83: 0.32383297 | L83: 1.1017175 | M83: 37 | N83: TGFBR2, NOTCH1, SULF1, MAPK3, WNT5A, SOX17, MEF2C, LEMD2, HOXA11, EXT1, BMP2, HOXA3, HES1, MAPK1, BMP4, SMARCD3, DKK1, GATA6, HAND2, GLI3, RDH10, MAP2K2
F84: GOBP_ANIMAL_ORGAN_MATURATION | G84: Animal Organ Maturation | H84: 0.55972696 | I84: 0.67531151 | J84: 0.06538342 | K84: 0.31804954 | L84: 0.9253275 | M84: 19 | N84: DCHS1, ADAMTS12, MBTPS2, GATA3, RHOA, THBS3, EXT1, BMP2
F85: GOBP_ANIMAL_ORGAN_REGENERATION | G85: Animal Organ Regeneration | H85: 0.40483871 | I85: 0.54749616 | J85: 0.078920964 | K85: 0.31849397 | L85: 1.0464017 | M85: 32 | N85: TGFB1, SULF2, CPT1A, TGFBR3, NOTCH1
F86: GOBP_ANOIKIS | G86: Anoikis | H86: 0.041867955 | I86: 0.11235887 | J86: 0.28201335 | K86: 0.48315436 | L86: 1.5390387 | M86: 28 | N86: ITGA5, ITGB1, PIK3CA, AKT1, NOTCH1, BMF, CAV1
F87: GOBP_ANTERIOR_POSTERIOR_AXIS_SPECIFICATION | G87: Anterior Posterior Axis Specification | H87: 0.83360258 | I87: 0.87504816 | J87: 0.044240742 | K87: 0.2279291 | L87: 0.74298816 | M87: 31 | N87: WLS, NRARP, WNT5A, TBX3, TDRD7, HEY2, DDIT3, ETS2
F88: GOBP_ANTERIOR_POSTERIOR_PATTERN_SPECIFICATION | G88: Anterior Posterior Pattern Specification | H88: 0.58957219 | I88: 0.69968851 | J88: 0.051426492 | K88: 0.21883109 | L88: 0.93615611 | M88: 130 | N88: BMPR2, HES4, WLS, HIPK2, POFUT1, PLXNA2, NOTCH1, HOXA9, NRARP, BHLHE40, HEY1, HOXB6, HOXB5, ZEB2, TSHZ1, HOXA5, WNT5A, MLLT3, ATP6AP2, SOX17, SMAD3, TBX3, ABI1, HOXB4, HOXB7, TDRD7, HEY2, PSEN1, MSX1, HOXA10, HHEX, HOXB8, DDIT3, MED12, HOXB3, HOXB9, ETS2, HOXA11, BMP2, HOXC6, NR2F2, HOXA3, HOXC4, HES1, FOXF1, CRB2
F89: GOBP_ANTEROGRADE_AXONAL_TRANSPORT | G89: Anterograde Axonal Transport | H89: 0.53025478 | I89: 0.65125126 | J89: 0.064648457 | K89: 0.27853837 | L89: 0.95660308 | M89: 39 | N89: HSPB1, KIF5B, FEZ1, MAP1A, SNAPIN, BLOC1S3, ARL8B, DTNBP1, KIF3B, AP3M2, ARL8A, RAB21, MAPK8IP3, AP3M1, AP3B1
A90: yes_final | B90: =VLOOKUP(F90,decisions3!A:B,2,FALSE) -> no_redundant | C90: =IF(L90>0,"EC-side","iPSC-side") -> EC-side | D90: hemostasis / coagulation | E90: =VLOOKUP(F90,collapsed3!A:J,10,FALSE) -> main | F90: GOBP_ZYMOGEN_ACTIVATION | G90: Zymogen Activation | H90: 9.9719224e-06 | I90: 0.00016962656 | J90: 0.59332548 | K90: 0.67245827 | L90: 2.1884192 | M90: 30 | N90: THBS1, FURIN, ANXA2, MMP14, MASP1, CTSL, PLAU, C1RL, S100A10, CTSZ, PLAUR, SERPINE1, THBD, RUNX1
A91: no_redundant_manual | B91: =VLOOKUP(F91,decisions3!A:B,2,FALSE) -> no_redundant | C91: =IF(L91>0,"EC-side","iPSC-side") -> EC-side | D91: extracellular matrix organization / remodelling | E91: =VLOOKUP(F91,collapsed3!A:J,10,FALSE) -> main | F91: GOBP_EXTERNAL_ENCAPSULATING_STRUCTURE_ORGANIZATION | G91: External Encapsulating Structure Organization | H91: 3.6818684e-11 | I91: 3.7578069e-09 | J91: 0.85133906 | K91: 0.47882573 | L91: 2.182577 | M91: 210 | N91: COL4A1, COL4A2, FURIN, TGFB1, ANXA2, COL5A2, SULF2, ITGB1, PLOD1, TIMP3, ANTXR2, MMP14, TNFRSF1B, ENG, NID1, TIE1, LAMB1, EFEMP2, PXDN, ITGA2, PLOD3, CST3, P3H1, LAMB2, B4GALT1, TNFRSF1A, COL4A5, ADAM10, ADAMTS9, TGFBR3, PBXIP1, LOXL2, NOTCH1, LAMC1, BMP1, RB1, P3H4, CFLAR, SLC2A10, RECK, MMP9, FLRT2, SULF1, COL5A1, COL18A1, NID2, CAV2, ATP7A, COL1A1, APP, COL11A1, ADAMTS12, NPHP3, ITGA8, CAV1, FSCN1, EGFLAM, FKBP10, ADAM15, ZNF469, TGFBI, RIC8A, STAT3, EMILIN1, COLGALT1, COL1A2, RUNX1, SMAD3, PPARG, POMGNT1, NFKB2, PTX3, POMT1, CSGALNACT1, COL6A1, IER3IP1, CRTAP, RAMP2, HMCN1, VIPAS39
B92: =VLOOKUP(F92,decisions3!A:B,2,FALSE) -> no_redundant | C92: =IF(L92>0,"EC-side","iPSC-side") -> EC-side | E92: =VLOOKUP(F92,collapsed3!A:J,10,FALSE) -> redundant | F92: GOBP_VASCULOGENESIS | G92: Vasculogenesis | H92: 3.9252249e-07 | I92: 1.1245425e-05 | J92: 0.67496286 | K92: 0.56360689 | L92: 2.1815418 | M92: 68 | N92: TGFB1, KDR, TGFBR2, ENG, TIE1, CEACAM1, HEG1, NRP1, JUNB, EGFL7, TGFBR3, CUL7, FZD4, RRAS, NOTCH1, ZMIZ1, RASIP1, HEY1, TMEM100, CAV1, ITGAV, ZFPM2, HDAC7, CCM2, SOX17, RAP1A, HEY2, SOX18, RAMP2, EPHA2, MYO1E, ELMO2, RIN2, PDGFRB, NPR2, RAPGEF2, HAS2, FOXF1
B93: =VLOOKUP(F93,decisions3!A:B,2,FALSE) -> no_redundant | C93: =IF(L93>0,"EC-side","iPSC-side") -> EC-side | E93: =VLOOKUP(F93,collapsed3!A:J,10,FALSE) -> main | F93: GOBP_WOUND_HEALING | G93: Wound Healing | H93: 4.1912428e-13 | I93: 8.5553743e-11 | J93: 0.93259521 | K93: 0.46211225 | L93: 2.1782606 | M93: 286 | N93: F2R, THBS1, TGFB1, TFPI, AHNAK, RHOC, ANXA2, ITGA5, CD151, CDKN1A, ELK3, MYOF, C6orf89, CSRP1, ITGB1, KDR, ENG, CD44, IL6ST, TLN1, CD59, ITGA2, CEACAM1, ANXA1, MYL12A, ANXA5, FN1, B4GALT1, PIK3CA, FZD6, CASP7, MCAM, TSPAN9, DGKH, TBXA2R, VWF, AK3, PIK3CG, HSPB1, PRCP, SMPD1, PEAR1, ACVRL1, PLAU, COL5A1, MYLK, S100A10, CD109, ANGPTL2, PRKCE, TIMP1, PROS1, SYTL4, SH2B3, GGCX, PLAUR, SERPING1, HBEGF, CHMP6, CD40, DGKA, CAV1, SERPINE1, PLEC, ANGPTL4, JAK2, ITGAV, FKBP10, PTEN, THBD, CORO1B, ADGRG1, WNT5A, EMILIN1, ADAM17, EMILIN2, MYH9, CD9, F2RL2, FERMT2, GPX1, SMAD3, NFE2L2, TNFAIP3, RASA3, RHOA, BLOC1S3, PPARG, MERTK, NOS3, PLSCR1, ARL8B, GATA2, RAB27A, CRK, CHMP2A, SYT11, TOR1A, EDN1, PPARA, DTNBP1, GPR4, PPP3CA, SELP, ST3GAL4, PDGFB, CHMP1A, PRRG1, PROCR
B94: =VLOOKUP(F94,decisions3!A:B,2,FALSE) -> no_redundant | C94: =IF(L94>0,"EC-side","iPSC-side") -> EC-side | E94: =VLOOKUP(F94,collapsed3!A:J,10,FALSE) -> main | F94: GOBP_RESPONSE_TO_MURAMYL_DIPEPTIDE | G94: Response To Muramyl Dipeptide | H94: 4.3334859e-06 | I94: 8.2507986e-05 | J94: 0.61052688 | K94: 0.80629519 | L94: 2.1778222 | M94: 15 | N94: VIM, NAGK, NLRP1, NFKBIA, JAG1, RELA, NOTCH1, NOD1, ARHGEF2, TNFAIP3
B95: =VLOOKUP(F95,decisions3!A:B,2,FALSE) -> no_redundant | C95: =IF(L95>0,"EC-side","iPSC-side") -> EC-side | E95: =VLOOKUP(F95,collapsed3!A:J,10,FALSE) -> main | F95: GOBP_SEMI_LUNAR_VALVE_DEVELOPMENT | G95: Semi Lunar Valve Development | H95: 5.7852361e-06 | I95: 0.00010697357 | J95: 0.61052688 | K95: 0.63740439 | L95: 2.1647728 | M95: 38 | N95: TGFB1, BMPR2, EFNA1, TNFRSF1B, TGFBR2, TIE1, JAG1, TNFRSF1A, NOTCH1, RB1, DLL4, ROCK2, SMAD6, HEY1, CDH11, EMILIN1, GATA3, RHOA, NOS3, HEY2
F96: GOBP_ANTIMICROBIAL_HUMORAL_IMMUNE_RESPONSE_MEDIATED_BY_ANTIMICROBIAL_PEPTIDE | G96: Antimicrobial Humoral Immune Response Mediated By Antimicrobial Peptide | H96: 0.37166667 | I96: 0.52037518 | J96: 0.085288469 | K96: 0.35968337 | L96: 1.0722757 | M96: 21 | N96: B2M, APP, FAM3A, TOR2A, CCL2, CXCL1, CXCL2
F97: GOBP_ANTIMICROBIAL_HUMORAL_RESPONSE | G97: Antimicrobial Humoral Response | H97: 0.50081037 | I97: 0.62740571 | J97: 0.068311086 | K97: 0.31119422 | L97: 0.98338176 | M97: 27 | N97: B2M, APP, FAM3A, BCL3, TOR2A, PPP2R3C, CCL2, CXCL1, CXCL2, GATA6
F98: GOBP_ANTIVIRAL_INNATE_IMMUNE_RESPONSE | G98: Antiviral Innate Immune Response | H98: 0.40300752 | I98: 0.54667309 | J98: 0.075501529 | K98: 0.28516211 | L98: 1.0417779 | M98: 51 | N98: NLRP1, SERINC3, RELA, CARD8, ZDHHC1, HCFC2, IFIT5, TMEM120A, IFIT3, TRIM25, SENP7, IFIT2, TRIM21
B99: =VLOOKUP(F99,decisions3!A:B,2,FALSE) -> no_redundant | C99: =IF(L99>0,"EC-side","iPSC-side") -> EC-side | E99: =VLOOKUP(F99,collapsed3!A:J,10,FALSE) -> main | F99: GOBP_NEGATIVE_REGULATION_OF_ENDOTHELIAL_CELL_PROLIFERATION | G99: Negative Regulation Of Endothelial Cell Proliferation | H99: 2.286812e-06 | I99: 4.6679549e-05 | J99: 0.62725674 | K99: 0.69438814 | L99: 2.1635565 | M99: 26 | N99: THBS1, FLT1, VASH1, ENG, SPARC, MMRN2, NGFR, PTPRM, ACVRL1, SULF1, DLL4, CAV2, CAV1
B100: =VLOOKUP(F100,decisions3!A:B,2,FALSE) -> no_redundant | C100: =IF(L100>0,"EC-side","iPSC-side") -> EC-side | E100: =VLOOKUP(F100,collapsed3!A:J,10,FALSE) -> redundant | F100: GOBP_NEGATIVE_REGULATION_OF_ENDOTHELIAL_CELL_MIGRATION | G100: Negative Regulation Of Endothelial Cell Migration | H100: 3.2802354e-06 | I100: 6.5324688e-05 | J100: 0.62725674 | K100: 0.6252779 | L100: 2.1629138 | M100: 40 | N100: THBS1, TGFB1, VASH1, MMRN2, STARD13, GADD45A, ATP2B4, ADAMTS9, ITGB1BP1, TBXA2R, NOTCH1, PTPRM, ACVRL1, SP100, DLL4
B101: =VLOOKUP(F101,decisions3!A:B,2,FALSE) -> yes_apriori | C101: =IF(L101>0,"EC-side","iPSC-side") -> EC-side | D101: hemostasis / coagulation | E101: =VLOOKUP(F101,collapsed3!A:J,10,FALSE) -> main | F101: GOBP_HEMOSTASIS | G101: Hemostasis | H101: 2.8733932e-09 | I101: 1.8769004e-07 | J101: 0.77493903 | K101: 0.49337203 | L101: 2.1560842 | M101: 154 | N101: F2R, THBS1, TFPI, ANXA2, TSPAN18, CSRP1, IL6ST, TLN1, CD59, ITGA2, CEACAM1, MYL12A, ANXA5, FN1, PIK3CA, FZD6, TSPAN9, DGKH, TBXA2R, VWF, AK3, PIK3CG, HSPB1, PEAR1, PLAU, ANGPTL2, PROS1, SH2B3, GGCX, PLAUR, SERPING1, CD40, DGKA, CAV1, SERPINE1, ANGPTL4, JAK2, FLI1, THBD, ADGRG1, EMILIN1, EMILIN2, MYH9, CD9, F2RL2, NFE2L2, RASA3, BLOC1S3, MERTK, NOS3, PLSCR1, RAB27A
...

Sheet collapsed3
A1: pathway | B1: pathway_clean | C1: pval | D1: padj | E1: log2err | F1: ES | G1: NES | H1: size | I1: leadingEdge | J1: collapsed_status
A2: GOBP_ACTIN_FILAMENT_BUNDLE_ORGANIZATION | B2: Actin Filament Bundle Organization | C2: 0.012683722 | D2: 0.045672587 | E2: 0.3807304 | F2: 0.33687606 | G2: 1.4546516 | H2: 139 | I2: RHOC, PARVA, ITGB1, DLC1, NRP1, ADD1, LIMS1, MTSS1, PIK3R1, TNFAIP1, ITGB1BP1, SYNPO, SHANK3, ARRB1, SHROOM1, CDC42, S100A10, EPS8, PPM1F, ROCK2, CD47, PARVB, LIMD2, ARHGEF15, FSCN1, PAK2, INPP5K, ARPIN, ZEB2, CORO1B, S1PR1, CFL1, LIMCH1, ARHGAP28, LIMA1, TESK1, FERMT2, SMAD3, RHOA | J2: redundant
A3: GOBP_ACTIN_FILAMENT_DEPOLYMERIZATION | B3: Actin Filament Depolymerization | C3: 0.00063689958 | D3: 0.0047569181 | E3: 0.47727082 | F3: 0.52446295 | G3: 1.8603688 | H3: 44 | I3: PPP1R9B, CFL2, GSN, ADD1, PIK3CA, SVIL, TMOD2, TWF1, RDX, SEMA5A, EPS8, SPTBN1, MICAL2, TMOD3, TRIOBP, CFL1, LIMA1, WDR1, CAPZA1 | J3: redundant
A4: GOBP_ACTIN_FILAMENT_ORGANIZATION | B4: Actin Filament Organization | C4: 4.5361862e-07 | D4: 1.2558822e-05 | E4: 0.67496286 | F4: 0.3644679 | G4: 1.7343037 | H4: 342 | I4: RHOC, TAGLN2, PARVA, RHOB, CDC42EP1, ITGB1, DLC1, PPP1R9B, CFL2, PREX1, TMSB10, ARHGEF12, NRP1, MYO6, GSN, ARPC1B, ADD1, MYO1C, PIK3CA, LIMS1, SVIL, MTSS1, PIK3R1, GAS2L1, TMOD2, TNFAIP1, ITGB1BP1, SYNPO, SHANK3, ARHGAP18, CNN3, ARPC2, WIPF1, RAC2, TPM4, TWF1, RDX, ARRB1, CDC42EP3, SSH1, SHROOM1, ARPC3, SEMA5A, CDC42, S100A10, HIP1R, EPS8, PRKCE, PPM1F, CAP1, ROCK2, SH3KBP1, CD47, ARPC5, PARVB, SPTBN1, LIMD2, ACTR2, RHOBTB1, ARHGEF15, ACTR3, MICAL2, PLEC, IQGAP1, FSCN1, PAK2, JAK2, ARHGEF2, TMOD3, FCHSD2, INPP5K, ARPIN, ZEB2, CORO1B, TRIOBP, ARPC1A, ARPC4, S1PR1, CTTN, CDC42EP4, CFL1, TMSB4X, LIMCH1, ARHGAP28, TPM2, LIMA1, RHOG, MSRB2, TESK1, FERMT2, SMAD3, ARF1, MYADM, ABI1, RHOBTB2, WDR1, RHOA, CAPZA1, CAP2, ESAM, BRK1, RAB40B, SNX9, SAMD14, TTC17, SSH2, SPIRE1, SHROOM4, MICALL2, GIPC1, EVL, FER, DSTN, PLEKHG2, WHAMM, HCLS1, SORBS3, MYO1E, TWF2, SPTAN1, ELMO2, INF2, CORO1C | J4: main
A5: GOBP_ACTIN_FILAMENT_POLYMERIZATION | B5: Actin Filament Polymerization | C5: 0.0002964984 | D5: 0.0025829913 | E5: 0.49849311 | F5: 0.41451634 | G5: 1.7375056 | H5: 111 | I5: CDC42EP1, PREX1, GSN, ADD1, SVIL, TMOD2, ARHGAP18, ARPC2, TWF1, RDX, CDC42EP3, SSH1, ARPC3, HIP1R, EPS8, PRKCE, ARPC5, SPTBN1, JAK2, TMOD3, FCHSD2, TRIOBP, ARPC4, CTTN, CDC42EP4, CFL1, TMSB4X, ARHGAP28, MSRB2, MYADM, CAPZA1, ESAM, SNX9, TTC17, SSH2, MICALL2, EVL, FER, PLEKHG2, HCLS1, TWF2, SPTAN1, INF2 | J5: redundant
A6: GOBP_ACTIN_POLYMERIZATION_OR_DEPOLYMERIZATION | B6: Actin Polymerization Or Depolymerization | C6: 1.9118133e-05 | D6: 0.00028511334 | E6: 0.57561026 | F6: 0.42409077 | G6: 1.8270413 | H6: 134 | I6: CDC42EP1, PPP1R9B, CFL2, PREX1, GSN, ADD1, PIK3CA, SVIL, TMOD2, ARHGAP18, ARPC2, WIPF1, TWF1, RDX, CDC42EP3, SSH1, ARPC3, SEMA5A, HIP1R, EPS8, PRKCE, ARPC5, SPTBN1, MICAL2, JAK2, TMOD3, FCHSD2, TRIOBP, ARPC4, CTTN, CDC42EP4, CFL1, TMSB4X, ARHGAP28, LIMA1, MSRB2, MYADM, ABI1, WDR1, CAPZA1, ESAM, BRK1, SNX9, TTC17, SSH2, MICALL2, EVL, FER, DSTN, PLEKHG2, HCLS1, TWF2, SPTAN1, INF2 | J6: redundant
A7: GOBP_ACTIVATION_OF_IMMUNE_RESPONSE | B7: Activation Of Immune Response | C7: 0.00031542382 | D7: 0.0027109847 | E7: 0.49849311 | F7: 0.3161919 | G7: 1.5046669 | H7: 341 | I7: NAGK, NLRP1, LAMP2, MASP1, SQSTM1, NFKBIA, CD59, CEACAM1, RFTN1, PIK3CA, FOXP1, RELA, PIK3R1, NFKB1, CARD8, SEC14L1, LIPA, BTN2A1, RIOK3, SIRT2, AKT1, ELF1, BTN3A2, TICAM1, NEK7, RPS6KA3, NOD1, ZDHHC1, ABHD17A, CPTP, PHPT1, DUSP3, HCFC2, C1RL, PRNP, PRKCE, FBXL2, IRF1, APP, CMTM3, TAX1BP1, IRF2, BCL10, FYN, CLEC2B, CD47, SERPING1, FOSL2, MYD88, PJA2, CYLD, DDX60, IFI16, ZNFX1, RNF144A, PAK2, ADA, TNIP1, IFI35, INPP5D, CASP6, CD46, IRAK4, PDE4D, GATA3, CACNB3, FOSL1, TRIM25, TNFAIP3, CYBA, GBP2, TRAF3, TRIM3, A2M, PLSCR1, BTN3A1, NMI, BECN1, PDE4B, RC3H2, BIRC2, RAP1A, CBLB, PRKCH, MAPKAPK2, PSEN1, MARK4, CD81, SHB, ADCY7, GDI1, RNF170, MEF2C, RAB29, ITCH, PDPK1, TREX1, IRAK2, KLHL6, SMPDL3A, GPR108, IRAK3, NAGLU, RBCK1, LRCH4, ERMAP, TRAF6, BCAR1, TLR4, LCP2, SARM1, PLEKHA1, CD276, IFIH1, OAS3, MAVS, NPLOC4, ZDHHC5, IRAK1, TIRAP, MAPK1, EIF2B1, NFKBIZ, FCN3, SOS1, BAX, BTNL9, XIAP, USP15, SKAP1, RNF135, LACC1, LGALS9, EPG5, NLRC3, LATS2, RTN4, AP3B1, LAPTM5, CD55 | J7: redundant
A8: GOBP_ACTIVATION_OF_INNATE_IMMUNE_RESPONSE | B8: Activation Of Innate Immune Response | C8: 0.0038272725 | D8: 0.018684413 | E8: 0.4317077 | F8: 0.31828786 | G8: 1.4488854 | H8: 207 | I8: NAGK, NLRP1, LAMP2, MASP1, SQSTM1, NFKBIA, RFTN1, RELA, PIK3R1, CARD8, SEC14L1, RIOK3, SIRT2, AKT1, TICAM1, NEK7, RPS6KA3, NOD1, ZDHHC1, ABHD17A, CPTP, HCFC2, PRKCE, FBXL2, IRF1, APP, TAX1BP1, IRF2, BCL10, FYN, MYD88, PJA2, CYLD, DDX60, IFI16, ZNFX1, RNF144A, PAK2, TNIP1, IFI35, CASP6, IRAK4, FOSL1, TRIM25, TNFAIP3, CYBA, GBP2, TRAF3, TRIM3, NMI, BECN1, BIRC2, MAPKAPK2, MARK4, ADCY7, GDI1, RNF170, ITCH, PDPK1, TREX1, IRAK2, SMPDL3A, GPR108, IRAK3, NAGLU, LRCH4, TRAF6, TLR4, SARM1, IFIH1, OAS3, MAVS, NPLOC4, ZDHHC5, IRAK1, TIRAP, NFKBIZ, FCN3, XIAP, USP15, RNF135, LACC1, LGALS9, EPG5, NLRC3, LATS2, RTN4 | J8: redundant
A9: GOBP_ADAPTIVE_IMMUNE_RESPONSE | B9: Adaptive Immune Response | C9: 5.7844749e-05 | D9: 0.00069201813 | E9: 0.55733224 | F9: 0.3729298 | G9: 1.7058003 | H9: 228 | I9: TGFB1, AHR, B2M, LGALS1, DBNL, ERAP1, JAK1, TNFRSF1B, IL6ST, IL17RA, CEACAM1, ANXA1, CTSL, JAM3, JAG1, JUNB, RFTN1, PVR, TRPM4, TCIRG1, BTN3A2, STAT6, NOTCH1, PIK3CG, ICAM1, PCYT1A, PRKAA1, C1RL, MAPK3, HLA-B, HLA-C, IRF1, ERAP2, BCL10, FYN, JAK3, MYD88, NEDD4, UFL1, CD40, IL17RC, KLHL22, MICA, PSMB10, JAK2, ADA, SIPA1, HLX, INPP5D, STAT3, CD46, ADAM17, MCOLN1, GATA3, TNFAIP3, TP53BP1, BTN3A1, LIG4, NFKB2, RAB27A, RC3H2, SUPT6H, ERCC1, PRDM1, STX7, IL1RL1, SOCS3, CD81, ADCY7, NDFIP1, TFEB, BCL3, ENTPD7, MEF2C, IL6R, TREX1 | J9: redundant
A10: GOBP_ADAPTIVE_IMMUNE_RESPONSE_BASED_ON_SOMATIC_RECOMBINATION_OF_IMMUNE_RECEPTORS_BUILT_FROM_IMMUNOGLOBULIN_SUPERFAMILY_DOMAINS | B10: Adaptive Immune Response Based On Somatic Recombination Of Immune Receptors Built From Immunoglobulin Superfamily Domains | C10: 0.00039223088 | D10: 0.003186632 | E10: 0.49849311 | F10: 0.37403177 | G10: 1.6667638 | H10: 175 | I10: TGFB1, AHR, B2M, LGALS1, JAK1, TNFRSF1B, IL6ST, IL17RA, CEACAM1, ANXA1, JAG1, JUNB, RFTN1, PVR, TRPM4, TCIRG1, BTN3A2, STAT6, NOTCH1, ICAM1, PCYT1A, PRKAA1, C1RL, MAPK3, HLA-B, HLA-C, BCL10, JAK3, MYD88, UFL1, CD40, IL17RC, KLHL22, MICA, PSMB10, ADA, HLX, INPP5D, STAT3, CD46, ADAM17, GATA3, TNFAIP3, TP53BP1, LIG4, NFKB2, RAB27A, RC3H2, SUPT6H, ERCC1, STX7, IL1RL1, SOCS3, CD81, NDFIP1, BCL3, ENTPD7, MEF2C, IL6R, TREX1, KLHL6, BCL6, APLF, TRAF6, TLR4, PARP3 | J10: redundant
A11: GOBP_ADHERENS_JUNCTION_ORGANIZATION | B11: Adherens Junction Organization | C11: 0.0011855202 | D11: 0.007682359 | E11: 0.45505987 | F11: 0.50849152 | G11: 1.790883 | H11: 43 | I11: EFNB2, ADD1, JAM3, BMP6, MTSS1, ADAM10, RDX, CDH13, CDC42, PLEC, PAK2, NUMB, CDH11, FERMT2, CDH5, KIFC3, RAMP2, FER, CDH10, DSP, PIP5K1C, ZNF703, EPHA4, CDH2 | J11: redundant
A12: GOBP_ADRENERGIC_RECEPTOR_SIGNALING_PATHWAY | B12: Adrenergic Receptor Signaling Pathway | C12: 0.0021273826 | D12: 0.012020816 | E12: 0.4317077 | F12: 0.67234876 | G12: 1.8160297 | H12: 15 | I12: CRTC3, ATP2B4, AKAP13, ARRDC3, GNAI2, PDE4D, PDE4B, ZDHHC21, GNAS, RAPGEF2 | J12: main
A13: GOBP_ALPHA_AMINO_ACID_BIOSYNTHETIC_PROCESS | B13: Alpha Amino Acid Biosynthetic Process | C13: 0.002832918 | D13: 0.014923081 | E13: 0.4317077 | F13: -0.45264603 | G13: -1.7856485 | H13: 44 | I13: SEPHS1, PSAT1, MTHFD1, CAD, ASNS, CBS, PSPH, MTAP, SHMT2, GLS2, CTH, GOT2, SHMT1, ASS1, ENOPH1, PHGDH, ALDH18A1, PYCR1 | J13: redundant
... A941: GOBP_ZYMOGEN_ACTIVATION | B941: Zymogen Activation | C941: 9.9719224e-06 | D941: 0.00016962656 | E941: 0.59332548 | F941: 0.67245827 | G941: 2.1884192 | H941: 30 | I941: THBS1, FURIN, ANXA2, MMP14, MASP1, CTSL, PLAU, C1RL, S100A10, CTSZ, PLAUR, SERPINE1, THBD, RUNX1 | J941: main

Sheet decisions3
A1: GOBP_SPROUTING_ANGIOGENESIS | B1: no_redundant
A2: GOBP_ENDOTHELIAL_CELL_MIGRATION | B2: yes_apriori
A3: GOBP_ENDOTHELIUM_DEVELOPMENT | B3: no_redundant
A4: GOBP_COLLAGEN_METABOLIC_PROCESS | B4: yes_apriori
A5: GOBP_COLLAGEN_FIBRIL_ORGANIZATION | B5: no_redundant
A6: GOBP_REGULATION_OF_ENDOTHELIAL_CELL_MIGRATION | B6: no_redundant
A7: GOBP_REGULATION_OF_VASCULATURE_DEVELOPMENT | B7: no_redundant
A8: GOBP_ENDOTHELIAL_CELL_DIFFERENTIATION | B8: no_redundant
A9: GOBP_MONONUCLEAR_CELL_MIGRATION | B9: no_redundant
A10: GOBP_CELLULAR_RESPONSE_TO_GROWTH_HORMONE_STIMULUS | B10: no_biology
A11: GOBP_POSITIVE_REGULATION_OF_INFLAMMATORY_RESPONSE | B11: no_redundant
A12: GOBP_BLOOD_VESSEL_MORPHOGENESIS | B12: yes_apriori
... A940: GOBP_RIBONUCLEOPROTEIN_COMPLEX_BIOGENESIS | B940: no_biology
